_step,train/loss,train/lm_loss,val/loss
1,17.869386672973633,17.851390838623047,
2,17.8909912109375,17.873018264770508,
3,17.434450149536133,17.4165096282959,
4,15.626349449157715,15.608386039733887,
5,14.370386123657227,14.352269172668457,
6,13.072854995727539,13.05447769165039,
7,14.207810401916504,14.189114570617676,
8,16.175220489501953,16.15677833557129,
9,14.567581176757812,14.549153327941895,
10,12.582090377807617,12.56337833404541,
11,12.022760391235352,12.003778457641602,
12,11.357532501220703,11.337821960449219,
13,11.608861923217773,11.588251113891602,
14,11.678025245666504,11.65722942352295,
15,11.989805221557617,11.970025062561035,
16,12.250575065612793,12.233054161071777,
17,11.98086929321289,11.963854789733887,
18,10.952796936035156,10.936589241027832,
19,10.899820327758789,10.884284973144531,
20,10.832554817199707,10.817480087280273,
21,10.755195617675781,10.740458488464355,
22,9.550886154174805,9.536526679992676,
23,10.015332221984863,10.001482009887695,
24,9.741999626159668,9.727968215942383,
25,10.507198333740234,10.493498802185059,
26,9.576513290405273,9.563876152038574,
27,10.631011962890625,10.618432998657227,
28,9.485211372375488,9.473733901977539,
29,9.250128746032715,9.239283561706543,
30,9.454116821289062,9.442885398864746,
31,9.114234924316406,9.102568626403809,
32,8.83459186553955,8.82423210144043,
33,8.59445571899414,8.584721565246582,
34,9.056865692138672,9.04721450805664,
35,8.56725788116455,8.557263374328613,
36,8.38774299621582,8.378579139709473,
37,9.595505714416504,9.585448265075684,
38,8.536627769470215,8.527552604675293,
39,8.803790092468262,8.79478645324707,
40,8.650152206420898,8.641270637512207,
41,8.243199348449707,8.234628677368164,
42,9.017779350280762,9.009200096130371,
43,8.815013885498047,8.806198120117188,
44,8.288753509521484,8.280357360839844,
45,8.39626407623291,8.387557029724121,
46,8.643230438232422,8.634880065917969,
47,7.88724422454834,7.878988265991211,
48,8.920022010803223,8.911234855651855,
49,8.504178047180176,8.495851516723633,
50,7.651769638061523,7.643645286560059,
51,8.559611320495605,8.550983428955078,
52,7.921309947967529,7.9132490158081055,
53,8.459425926208496,8.451189041137695,
54,8.247320175170898,8.239134788513184,
55,7.978684425354004,7.970603942871094,
56,7.79996395111084,7.791966438293457,
57,6.958258628845215,6.950221061706543,
58,7.29683780670166,7.288787364959717,
59,7.757155418395996,7.74899959564209,
60,8.323796272277832,8.315751075744629,
61,8.13630199432373,8.128129005432129,
62,7.8901448249816895,7.88215970993042,
63,6.758908748626709,6.750899314880371,
64,8.58899974822998,8.580304145812988,
65,8.402505874633789,8.393948554992676,
66,7.673117160797119,7.665163993835449,
67,8.392812728881836,8.384394645690918,
68,7.053646564483643,7.045710563659668,
69,8.287915229797363,8.279845237731934,
70,8.561219215393066,8.553119659423828,
71,6.413437366485596,6.4053955078125,
72,7.484786033630371,7.47679328918457,
73,7.097165107727051,7.089205265045166,
74,7.327329158782959,7.319399833679199,
75,6.563296794891357,6.555256366729736,
76,7.733607769012451,7.725472450256348,
77,8.036587715148926,8.028643608093262,
78,6.8454270362854,6.837375164031982,
79,8.0892333984375,8.081124305725098,
80,7.395786285400391,7.387862205505371,
81,8.296353340148926,8.288119316101074,
82,6.892220497131348,6.8842597007751465,
83,7.774453163146973,7.766420364379883,
84,6.520517349243164,6.512578010559082,
85,6.884774684906006,6.876774787902832,
86,8.0310640335083,8.022981643676758,
87,7.219182014465332,7.211257457733154,
88,7.035457134246826,7.027508735656738,
89,6.454655647277832,6.446683406829834,
90,7.274318695068359,7.2663445472717285,
91,7.284757137298584,7.276829242706299,
92,7.030488967895508,7.02255916595459,
93,7.782837867736816,7.774795055389404,
94,7.487165451049805,7.479184627532959,
95,7.5186991691589355,7.510677337646484,
96,6.637101173400879,6.628693580627441,
97,7.546762466430664,7.538706302642822,
98,7.638388156890869,7.630218029022217,
99,6.926546573638916,6.918532848358154,
100,6.837169170379639,6.8291778564453125,
101,7.165405750274658,7.157404899597168,
102,7.937500953674316,7.929450988769531,
103,6.537680149078369,6.529646396636963,
104,7.165757656097412,7.15768575668335,
105,6.459064483642578,6.451016426086426,
106,6.941869258880615,6.933794975280762,
107,6.869287967681885,6.861205101013184,
108,6.85369873046875,6.845221996307373,
109,6.153672695159912,6.145445823669434,
110,6.261280536651611,6.252967834472656,
111,7.020449161529541,7.0120530128479,
112,7.26790189743042,7.259415149688721,
113,6.79704475402832,6.788515567779541,
114,7.10404109954834,7.095447063446045,
115,6.005061149597168,5.996631622314453,
116,6.464866638183594,6.456254959106445,
117,7.278030872344971,7.269266605377197,
118,6.681883811950684,6.671632766723633,
119,6.448044776916504,6.438767910003662,
120,6.014353275299072,6.00462532043457,
121,7.223727703094482,7.213291645050049,
122,6.35095739364624,6.34089469909668,
123,6.680859565734863,6.671073913574219,
124,7.89679479598999,7.885207653045654,
125,7.529236793518066,7.517892360687256,
126,6.958040237426758,6.948120594024658,
127,6.977771759033203,6.967748165130615,
128,7.140957355499268,7.1298065185546875,
129,6.871556282043457,6.860353469848633,
130,7.049659729003906,7.038106918334961,
131,6.364903926849365,6.354778289794922,
132,6.550852298736572,6.54063081741333,
133,7.154606819152832,7.142796516418457,
134,5.907562732696533,5.896956443786621,
135,7.23948335647583,7.224932670593262,
136,7.546141624450684,7.534711837768555,
137,6.292933464050293,6.282264709472656,
138,5.804898262023926,5.794161796569824,
139,5.687512397766113,5.677751541137695,
140,6.352607727050781,6.342265605926514,
141,6.209285259246826,6.19881534576416,
142,6.559944152832031,6.546450614929199,
143,6.119809627532959,6.107512950897217,
144,7.1870808601379395,7.172843933105469,
145,6.775320053100586,6.759750843048096,
146,6.606662273406982,6.5883870124816895,
147,6.229479789733887,6.2139739990234375,
148,6.164094924926758,6.151975631713867,
149,6.8295440673828125,6.815324783325195,
150,6.439606666564941,6.421518325805664,
151,5.6504058837890625,5.639134407043457,
152,6.652938365936279,6.637998580932617,
153,6.992696285247803,6.976287841796875,
154,5.983827114105225,5.971215724945068,
155,6.175914287567139,6.162482261657715,
156,6.340687274932861,6.326303482055664,
157,6.785760879516602,6.765286445617676,
158,6.587774753570557,6.570609092712402,
159,6.097112655639648,6.083606243133545,
160,6.642180442810059,6.625916481018066,
161,6.696621894836426,6.678009986877441,
162,6.7709879875183105,6.752867221832275,
163,5.581071376800537,5.566108226776123,
164,6.38802433013916,6.371245384216309,
165,6.3933281898498535,6.377448081970215,
166,6.310435771942139,6.295568466186523,
167,5.7724504470825195,5.755807399749756,
168,6.070209503173828,6.052587509155273,
169,6.887845516204834,6.866115093231201,
170,6.084826469421387,6.068827152252197,
171,6.435780048370361,6.420036792755127,
172,5.885952472686768,5.870724201202393,
173,6.032536029815674,6.017294883728027,
174,6.209763050079346,6.194486618041992,
175,6.089809417724609,6.07404088973999,
176,5.450653553009033,5.436925888061523,
177,6.800933361053467,6.784056663513184,
178,6.788483142852783,6.770444869995117,
179,6.399864196777344,6.382455348968506,
180,6.635491847991943,6.617384910583496,
181,5.924965858459473,5.910407066345215,
182,5.998963832855225,5.982430458068848,
183,6.184286117553711,6.169241428375244,
184,5.191934585571289,5.178225040435791,
185,6.7970290184021,6.779361724853516,
186,5.573704242706299,5.559202671051025,
187,6.479389667510986,6.463259696960449,
188,6.425755500793457,6.409466743469238,
189,6.441026210784912,6.425418853759766,
190,5.646838188171387,5.631473541259766,
191,5.344845771789551,5.330453395843506,
192,6.616502285003662,6.597441673278809,
193,5.623316764831543,5.6067681312561035,
194,6.267485618591309,6.250994682312012,
195,6.5898942947387695,6.573551654815674,
196,6.09815788269043,6.0814361572265625,
197,5.801580905914307,5.785612106323242,
198,5.762810230255127,5.747263431549072,
199,6.89907169342041,6.880690097808838,
200,7.483549118041992,7.464488506317139,12.044053077697754
201,5.888680934906006,5.872225284576416,
202,6.22473669052124,6.208120346069336,
203,7.012838840484619,6.99473762512207,
204,5.35256290435791,5.337501525878906,
205,6.22865629196167,6.212160587310791,
206,6.310734748840332,6.294354438781738,
207,5.8729448318481445,5.8573994636535645,
208,7.044161319732666,7.026160717010498,
209,6.461817741394043,6.444202423095703,
210,5.836881160736084,5.820654392242432,
211,4.726414680480957,4.712038516998291,
212,5.953622341156006,5.93690299987793,
213,6.1257829666137695,6.107546806335449,
214,6.158605575561523,6.141464710235596,
215,5.806637287139893,5.790040969848633,
216,5.589799404144287,5.5738301277160645,
217,5.652514457702637,5.635977745056152,
218,6.286403179168701,6.268585205078125,
219,5.979719161987305,5.961757659912109,
220,6.258180141448975,6.23976993560791,
221,5.689378261566162,5.671996116638184,
222,5.055241107940674,5.039608955383301,
223,6.752971172332764,6.733554363250732,
224,5.876735687255859,5.859103679656982,
225,6.248717308044434,6.229946613311768,
226,5.757637977600098,5.740128040313721,
227,5.638735771179199,5.62175989151001,
228,6.660411357879639,6.642246723175049,
229,5.567257881164551,5.550626277923584,
230,6.228785514831543,6.209655284881592,
231,6.039258003234863,6.020683288574219,
232,6.70297384262085,6.6828107833862305,
233,6.222454071044922,6.202465534210205,
234,5.863826751708984,5.8455376625061035,
235,6.028790473937988,6.008158206939697,
236,5.41522216796875,5.3980937004089355,
237,6.503472328186035,6.480905532836914,
238,6.222989559173584,6.201563358306885,
239,6.816863536834717,6.797342300415039,
240,6.449623107910156,6.428937911987305,
241,6.425351619720459,6.405592441558838,
242,6.855477333068848,6.834293842315674,
243,6.275161266326904,6.252159118652344,
244,5.995784759521484,5.975906848907471,
245,5.37250280380249,5.352880477905273,
246,5.832773208618164,5.8146281242370605,
247,6.7226881980896,6.698351860046387,
248,5.171624183654785,5.1531081199646,
249,5.806869029998779,5.787495136260986,
250,6.657327175140381,6.636561870574951,
251,5.165229797363281,5.147586345672607,
252,5.633450508117676,5.615020751953125,
253,5.09764289855957,5.080011367797852,
254,5.440002918243408,5.420529365539551,
255,6.168438911437988,6.149118423461914,
256,6.187326431274414,6.167689800262451,
257,5.256189346313477,5.238099098205566,
258,6.009019374847412,5.98958683013916,
259,6.312774181365967,6.292884826660156,
260,5.82919979095459,5.810146331787109,
261,5.383634090423584,5.364095687866211,
262,6.639384746551514,6.619792938232422,
263,5.736581325531006,5.718537330627441,
264,5.503142356872559,5.4845075607299805,
265,5.674960136413574,5.656093120574951,
266,5.507382869720459,5.488668918609619,
267,5.944638729095459,5.921635150909424,
268,4.770770072937012,4.752518653869629,
269,5.574660778045654,5.55572509765625,
270,5.473880290985107,5.454503536224365,
271,6.03493595123291,6.014407634735107,
272,5.94412088394165,5.925276756286621,
273,6.01702880859375,5.998629093170166,
274,5.13772439956665,5.119449138641357,
275,6.092377185821533,6.073136329650879,
276,5.0955328941345215,5.077047348022461,
277,5.485161304473877,5.4662885665893555,
278,5.006683349609375,4.9881367683410645,
279,5.602203845977783,5.583188056945801,
280,5.614740371704102,5.595479965209961,
281,5.358401775360107,5.3394012451171875,
282,4.784514904022217,4.766080856323242,
283,5.48047399520874,5.461385250091553,
284,5.183725833892822,5.164576530456543,
285,4.7375102043151855,4.718430995941162,
286,5.173992156982422,5.154696464538574,
287,6.48335075378418,6.462235927581787,
288,5.683652877807617,5.664176940917969,
289,5.696627616882324,5.677652359008789,
290,5.227630615234375,5.2083868980407715,
291,5.114416599273682,5.094823837280273,
292,6.012513637542725,5.992573261260986,
293,5.3763227462768555,5.3563971519470215,
294,5.18286657333374,5.163537979125977,
295,4.79014778137207,4.771236419677734,
296,5.83621072769165,5.817011833190918,
297,5.512542247772217,5.49324369430542,
298,5.341424942016602,5.321571350097656,
299,5.662177085876465,5.642650127410889,
300,5.919332027435303,5.899762153625488,
301,5.223159313201904,5.20343017578125,
302,5.0508036613464355,5.031401634216309,
303,5.699260711669922,5.679942607879639,
304,6.088888645172119,6.069249629974365,
305,4.774226188659668,4.754958629608154,
306,4.685571670532227,4.666418075561523,
307,6.314276695251465,6.293990135192871,
308,5.570371627807617,5.550211429595947,
309,5.655187129974365,5.6348724365234375,
310,5.635147571563721,5.614721775054932,
311,5.742221355438232,5.722357273101807,
312,5.412779808044434,5.392764568328857,
313,5.467104911804199,5.4476189613342285,
314,4.862961292266846,4.842912197113037,
315,5.644822120666504,5.624714374542236,
316,5.857306003570557,5.837153434753418,
317,5.014571666717529,4.994539260864258,
318,4.536638259887695,4.51645040512085,
319,5.335907936096191,5.315876483917236,
320,5.38300895690918,5.363101482391357,
321,5.407624244689941,5.388024806976318,
322,5.232651233673096,5.2128472328186035,
323,5.867834568023682,5.848187446594238,
324,4.623926162719727,4.604217529296875,
325,6.019829750061035,5.999650478363037,
326,5.861309051513672,5.840109348297119,
327,5.969970703125,5.950050354003906,
328,4.427614688873291,4.407559394836426,
329,6.167662620544434,6.147939682006836,
330,6.311040878295898,6.291164398193359,
331,5.917963981628418,5.898228168487549,
332,5.6079254150390625,5.588069915771484,
333,5.66950798034668,5.6496195793151855,
334,8.545236587524414,8.523746490478516,
335,4.929941654205322,4.9097089767456055,
336,5.5270466804504395,5.507147312164307,
337,5.755642414093018,5.735772609710693,
338,5.16872501373291,5.148862361907959,
339,5.50059700012207,5.4806671142578125,
340,4.966319561004639,4.945941925048828,
341,5.0737624168396,5.0534987449646,
342,4.793946266174316,4.773787021636963,
343,4.843446731567383,4.823306083679199,
344,5.688642978668213,5.668575763702393,
345,5.586838722229004,5.567136287689209,
346,4.616143703460693,4.595410346984863,
347,5.938443660736084,5.918026924133301,
348,4.359064102172852,4.338963985443115,
349,5.554995059967041,5.5349507331848145,
350,6.225651264190674,6.205821514129639,
351,5.24937105178833,5.229128360748291,
352,5.432976722717285,5.412766456604004,
353,5.590263366699219,5.570324420928955,
354,4.676693916320801,4.656278610229492,
355,4.768135070800781,4.7477545738220215,
356,5.860792636871338,5.840958118438721,
357,5.143527507781982,5.123404502868652,
358,5.618186950683594,5.597851276397705,
359,5.684263706207275,5.664167881011963,
360,4.986220359802246,4.96580171585083,
361,4.870136260986328,4.849759578704834,
362,5.237288475036621,5.2170891761779785,
363,6.47064733505249,6.451246738433838,
364,6.061224460601807,6.0415215492248535,
365,5.165816307067871,5.145765781402588,
366,5.012539863586426,4.992312431335449,
367,5.48994255065918,5.470218181610107,
368,4.658129692077637,4.6380438804626465,
369,5.722782611846924,5.703098773956299,
370,6.259422302246094,6.239026069641113,
371,4.847878456115723,4.827622413635254,
372,4.792546272277832,4.772109031677246,
373,5.791581630706787,5.771755218505859,
374,6.032204627990723,6.012239933013916,
375,5.23911190032959,5.218911170959473,
376,4.802090644836426,4.78177547454834,
377,4.696841239929199,4.6767354011535645,
378,5.9176836013793945,5.897799015045166,
379,6.113739013671875,6.0938873291015625,
380,6.1429829597473145,6.122694969177246,
381,5.391219615936279,5.370351791381836,
382,5.945789337158203,5.925624370574951,
383,5.271512508392334,5.251209735870361,
384,5.112664699554443,5.092333793640137,
385,4.418799877166748,4.398066997528076,
386,5.448288440704346,5.428153991699219,
387,4.975387096405029,4.954928398132324,
388,5.983071804046631,5.963374614715576,
389,3.9356601238250732,3.9150280952453613,
390,4.415970325469971,4.395779609680176,
391,4.704930305480957,4.684781074523926,
392,5.941651821136475,5.922079563140869,
393,5.4991655349731445,5.479394435882568,
394,5.336478233337402,5.3164496421813965,
395,4.564385890960693,4.544053554534912,
396,5.409994602203369,5.389162063598633,
397,4.693855285644531,4.673570156097412,
398,5.178622245788574,5.158717632293701,
399,5.081779956817627,5.061956405639648,
400,5.157682418823242,5.137488842010498,8.505219459533691
401,5.079155921936035,5.05851411819458,
402,6.315220832824707,6.295715808868408,
403,5.316644668579102,5.296866416931152,
404,6.3399529457092285,6.320643424987793,
405,5.134289741516113,5.114001274108887,
406,5.889374732971191,5.8696675300598145,
407,5.044909477233887,5.025213718414307,
408,5.6732072830200195,5.653512477874756,
409,5.278190612792969,5.258723258972168,
410,5.717973709106445,5.698581218719482,
411,5.384828090667725,5.3642168045043945,
412,4.905076503753662,4.884666919708252,
413,5.840677738189697,5.820717811584473,
414,5.575267314910889,5.555305480957031,
415,4.68731164932251,4.666952610015869,
416,5.268625259399414,5.248736381530762,
417,4.629513740539551,4.609159469604492,
418,5.640564918518066,5.621089458465576,
419,5.25453519821167,5.234512805938721,
420,4.5723700523376465,4.5524396896362305,
421,5.362522602081299,5.342982292175293,
422,6.166199207305908,6.146955490112305,
423,5.169460773468018,5.149533271789551,
424,5.366462230682373,5.3465657234191895,
425,6.4691081047058105,6.449899673461914,
426,4.781949520111084,4.761946201324463,
427,5.365344524383545,5.3456010818481445,
428,5.3735527992248535,5.353953838348389,
429,5.1958842277526855,5.176194667816162,
430,5.913789749145508,5.894200325012207,
431,5.242141246795654,5.222439765930176,
432,4.519275665283203,4.499150276184082,
433,5.150693893432617,5.130916595458984,
434,6.869784355163574,6.850071907043457,
435,4.509018898010254,4.4889421463012695,
436,5.437034606933594,5.417623996734619,
437,5.699988842010498,5.6806159019470215,
438,4.798927307128906,4.779354095458984,
439,4.8070878982543945,4.78734827041626,
440,5.409281253814697,5.389641284942627,
441,4.778613567352295,4.758575439453125,
442,5.9354400634765625,5.91610860824585,
443,5.0780534744262695,5.058376312255859,
444,4.81884765625,4.799304485321045,
445,4.258907794952393,4.238987922668457,
446,5.07497501373291,5.055489540100098,
447,6.0932440757751465,6.074102878570557,
448,5.555636405944824,5.53636360168457,
449,4.531279563903809,4.511468887329102,
450,5.9327921867370605,5.913589954376221,
451,5.66033411026001,5.640651226043701,
452,5.816467761993408,5.7972235679626465,
453,5.747202396392822,5.728085041046143,
454,4.398507595062256,4.378878116607666,
455,4.7396559715271,4.720302104949951,
456,5.886420726776123,5.867443561553955,
457,5.887190818786621,5.868213176727295,
458,5.985134601593018,5.96580171585083,
459,4.993834018707275,4.974222660064697,
460,4.858926773071289,4.839506149291992,
461,4.759449005126953,4.739742755889893,
462,4.425219535827637,4.405587673187256,
463,4.847357749938965,4.827789306640625,
464,6.6316070556640625,6.611988544464111,
465,4.064241409301758,4.044975280761719,
466,4.865151882171631,4.8455610275268555,
467,4.5399603843688965,4.52056884765625,
468,5.29060173034668,5.271239757537842,
469,4.754550457000732,4.735212802886963,
470,5.032450199127197,5.013274192810059,
471,5.372160911560059,5.35301399230957,
472,4.683379650115967,4.664317607879639,
473,6.084329128265381,6.065335273742676,
474,5.664870738983154,5.645808696746826,
475,4.121292591094971,4.101707458496094,
476,5.659300327301025,5.640658378601074,
477,6.07349157333374,6.054624080657959,
478,5.5726318359375,5.553727149963379,
479,6.105236053466797,6.086280822753906,
480,4.938642978668213,4.9197821617126465,
481,4.7337117195129395,4.714550971984863,
482,5.518238067626953,5.499082088470459,
483,4.818544864654541,4.799197196960449,
484,6.082124710083008,6.0635175704956055,
485,4.9744415283203125,4.9557061195373535,
486,5.139187812805176,5.1202616691589355,
487,4.676856517791748,4.658079624176025,
488,5.634706497192383,5.615801811218262,
489,4.505050182342529,4.485991477966309,
490,4.864370346069336,4.845470905303955,
491,4.601989269256592,4.582901477813721,
492,4.914870262145996,4.895685195922852,
493,4.514855861663818,4.495817184448242,
494,4.764016151428223,4.744958877563477,
495,4.700224876403809,4.681373596191406,
496,5.697641372680664,5.678722858428955,
497,4.537197113037109,4.518317222595215,
498,4.67555046081543,4.656835079193115,
499,5.771790504455566,5.753161907196045,
500,4.731052398681641,4.712178707122803,
501,4.729434490203857,4.710483074188232,
502,5.7539381980896,5.734830856323242,
503,5.1052069664001465,5.086307048797607,
504,5.51556396484375,5.496927261352539,
505,5.214349746704102,5.196066379547119,
506,6.158239364624023,6.140153408050537,
507,5.58170747756958,5.563343524932861,
508,4.7426371574401855,4.723999500274658,
509,5.1232380867004395,5.104537487030029,
510,5.285444736480713,5.266977787017822,
511,4.715127468109131,4.696630477905273,
512,5.46250581741333,5.444233417510986,
513,5.399953365325928,5.381897449493408,
514,4.576672554016113,4.558486461639404,
515,5.1673784255981445,5.149003505706787,
516,5.583035945892334,5.564861297607422,
517,5.653708457946777,5.635416030883789,
518,4.951395034790039,4.93318510055542,
519,4.401182651519775,4.382836818695068,
520,4.32729959487915,4.308992862701416,
521,5.6065754890441895,5.588459014892578,
522,6.189609527587891,6.171158790588379,
523,4.7720441818237305,4.754085540771484,
524,4.885675430297852,4.86783504486084,
525,4.618843078613281,4.600778102874756,
526,5.018618583679199,5.000617504119873,
527,5.157883167266846,5.139834403991699,
528,5.281838417053223,5.26402473449707,
529,4.786593437194824,4.768105983734131,
530,4.954120635986328,4.936291694641113,
531,6.820217132568359,6.802558898925781,
532,5.26689338684082,5.249145030975342,
533,6.130898475646973,6.113234043121338,
534,5.150620460510254,5.13304328918457,
535,4.342199802398682,4.324427604675293,
536,5.430600643157959,5.413136959075928,
537,4.230029106140137,4.212071895599365,
538,5.811663627624512,5.794145107269287,
539,4.369410037994385,4.3519110679626465,
540,4.842578411102295,4.824801445007324,
541,5.422048568725586,5.4046149253845215,
542,5.418161392211914,5.400698661804199,
543,5.433239936828613,5.415848255157471,
544,5.835238933563232,5.8173370361328125,
545,5.016395092010498,4.999088287353516,
546,4.835843563079834,4.81837272644043,
547,5.997586727142334,5.980382442474365,
548,4.648004531860352,4.630584239959717,
549,4.57318115234375,4.555700778961182,
550,4.312375545501709,4.294992446899414,
551,6.117947578430176,6.100731372833252,
552,4.425358772277832,4.407608985900879,
553,5.959184169769287,5.941990852355957,
554,4.601707935333252,4.584292888641357,
555,5.162459850311279,5.145557403564453,
556,5.982705593109131,5.965579032897949,
557,4.4826531410217285,4.46518087387085,
558,5.232860565185547,5.215266227722168,
559,4.87388277053833,4.856690883636475,
560,4.147747039794922,4.130489349365234,
561,5.969472885131836,5.952705383300781,
562,5.316896915435791,5.299947261810303,
563,4.772714138031006,4.755527973175049,
564,5.407435894012451,5.390491485595703,
565,4.582059383392334,4.564952850341797,
566,4.714766502380371,4.6976704597473145,
567,5.9353227615356445,5.9188032150268555,
568,6.251721382141113,6.235470771789551,
569,5.409564018249512,5.392910003662109,
570,5.361737251281738,5.345065593719482,
571,5.480002403259277,5.463531494140625,
572,5.9247870445251465,5.908533096313477,
573,3.913907527923584,3.8967316150665283,
574,5.2317914962768555,5.2152228355407715,
575,5.306238174438477,5.289522171020508,
576,5.364296913146973,5.3475260734558105,
577,5.642815589904785,5.62629508972168,
578,4.8116230964660645,4.794548988342285,
579,4.386936187744141,4.369961738586426,
580,5.438201904296875,5.421802043914795,
581,4.776375770568848,4.759302616119385,
582,5.444765567779541,5.428122043609619,
583,4.2270731925964355,4.210289001464844,
584,4.788101673126221,4.771201133728027,
585,4.722022533416748,4.7055134773254395,
586,5.212751388549805,5.196167469024658,
587,4.725069999694824,4.708280563354492,
588,4.565062046051025,4.548104286193848,
589,6.177942752838135,6.161716938018799,
590,5.4514851570129395,5.434933662414551,
591,5.616636753082275,5.600457668304443,
592,6.062868595123291,6.04647159576416,
593,4.474838733673096,4.458040237426758,
594,4.998281955718994,4.981655597686768,
595,4.907320022583008,4.891018867492676,
596,4.482704162597656,4.465723514556885,
597,4.231022357940674,4.214302062988281,
598,4.819949150085449,4.803368091583252,
599,4.310556411743164,4.293645858764648,
600,5.673946857452393,5.6577863693237305,7.570067882537842
601,4.810217380523682,4.793518543243408,
602,6.263520240783691,6.247629642486572,
603,5.610300064086914,5.594174861907959,
604,5.190932273864746,5.1746039390563965,
605,5.142848491668701,5.126981258392334,
606,4.964093208312988,4.947681903839111,
607,5.7042317390441895,5.688079357147217,
608,4.266035079956055,4.249517440795898,
609,5.149813652038574,5.133470058441162,
610,5.311399459838867,5.295450687408447,
611,6.095020771026611,6.079070091247559,
612,4.797509670257568,4.781492233276367,
613,5.052213191986084,5.0364089012146,
614,5.8366899490356445,5.821050643920898,
615,5.569014549255371,5.553386211395264,
616,5.494203090667725,5.478250026702881,
617,5.523801326751709,5.5077128410339355,
618,4.715153217315674,4.699010372161865,
619,5.621962070465088,5.606110572814941,
620,5.277226448059082,5.261013507843018,
621,5.491931915283203,5.476160526275635,
622,5.36814022064209,5.352592468261719,
623,4.899351119995117,4.883358001708984,
624,4.860284805297852,4.844329357147217,
625,6.374930381774902,6.359255313873291,
626,5.941967964172363,5.926453590393066,
627,5.885257720947266,5.869608402252197,
628,5.5863189697265625,5.570067882537842,
629,5.0469489097595215,5.03118896484375,
630,5.425553798675537,5.409935474395752,
631,4.937291145324707,4.921358108520508,
632,4.938643932342529,4.922533988952637,
633,4.6874518394470215,4.671474456787109,
634,5.583299160003662,5.567823886871338,
635,5.275023460388184,5.25960636138916,
636,6.695226669311523,6.6803297996521,
637,4.299435615539551,4.283129692077637,
638,4.524689197540283,4.508988380432129,
639,3.654165506362915,3.6381547451019287,
640,4.978738784790039,4.963238716125488,
641,4.239232063293457,4.223020076751709,
642,5.719633102416992,5.7046122550964355,
643,6.022366523742676,6.006983280181885,
644,4.865190505981445,4.8494648933410645,
645,5.096438884735107,5.080808162689209,
646,4.330382823944092,4.314364910125732,
647,4.966704845428467,4.9509782791137695,
648,5.542159080505371,5.526537895202637,
649,4.3531270027160645,4.337523460388184,
650,6.007648468017578,5.992262363433838,
651,4.919816017150879,4.904103755950928,
652,5.783538341522217,5.768328666687012,
653,4.818541526794434,4.802861213684082,
654,4.540778636932373,4.524953365325928,
655,4.802535533905029,4.78706169128418,
656,6.377547740936279,6.362777233123779,
657,6.2670979499816895,6.252190113067627,
658,4.8274245262146,4.8117780685424805,
659,4.229231357574463,4.213752269744873,
660,5.177679061889648,5.162186622619629,
661,5.011108875274658,4.995874404907227,
662,4.991543769836426,4.97630500793457,
663,5.788053512573242,5.7726898193359375,
664,4.716924667358398,4.70125675201416,
665,5.427311420440674,5.412191867828369,
666,5.567028045654297,5.551639556884766,
667,4.272622108459473,4.257060527801514,
668,4.424129009246826,4.408692359924316,
669,4.990354061126709,4.974963665008545,
670,5.27540922164917,5.260293006896973,
671,5.418517589569092,5.403495788574219,
672,4.643979072570801,4.6284708976745605,
673,4.308137893676758,4.2925896644592285,
674,4.489548206329346,4.474257946014404,
675,5.728644847869873,5.7139506340026855,
676,5.26572322845459,5.250917911529541,
677,4.6547770500183105,4.63971471786499,
678,5.052927017211914,5.0379462242126465,
679,4.971259593963623,4.956550121307373,
680,5.160468578338623,5.145334243774414,
681,5.129932880401611,5.11522912979126,
682,4.74894380569458,4.733816623687744,
683,5.943707466125488,5.929015636444092,
684,4.570465087890625,4.555754661560059,
685,5.158111095428467,5.143189907073975,
686,5.229823589324951,5.214903831481934,
687,5.16954231262207,5.154285430908203,
688,5.454671859741211,5.439650535583496,
689,5.470861434936523,5.456180572509766,
690,5.887173652648926,5.872537136077881,
691,4.5828857421875,4.567826271057129,
692,5.132884502410889,5.1181440353393555,
693,5.997518539428711,5.983156204223633,
694,4.026817798614502,4.0115251541137695,
695,5.454005718231201,5.439177513122559,
696,4.888924598693848,4.874059200286865,
697,5.503260135650635,5.488189697265625,
698,5.4652228355407715,5.45025110244751,
699,5.131019115447998,5.116222858428955,
700,3.940230131149292,3.925142765045166,
701,5.781057834625244,5.766551971435547,
702,5.18113899230957,5.166169166564941,
703,6.430535793304443,6.415988445281982,
704,5.49057674407959,5.475672245025635,
705,5.012556076049805,4.997920036315918,
706,4.514975547790527,4.5000128746032715,
707,4.918031692504883,4.903306007385254,
708,5.528825283050537,5.5144453048706055,
709,4.976826190948486,4.961574554443359,
710,5.185030937194824,5.170567512512207,
711,4.450799942016602,4.435868263244629,
712,5.463223457336426,5.448753833770752,
713,5.2802734375,5.265789031982422,
714,5.253220558166504,5.238851070404053,
715,4.775482177734375,4.760476589202881,
716,5.87933349609375,5.86499547958374,
717,4.662705421447754,4.647858142852783,
718,5.749356269836426,5.734811782836914,
719,5.151226043701172,5.13654088973999,
720,4.999068737030029,4.98423433303833,
721,6.404344081878662,6.389904499053955,
722,4.769865989685059,4.755043029785156,
723,4.234919548034668,4.2201948165893555,
724,4.75753116607666,4.7427191734313965,
725,4.396421432495117,4.381577491760254,
726,4.2366943359375,4.22212028503418,
727,6.024019241333008,6.0100274085998535,
728,4.8660888671875,4.851291656494141,
729,5.256529331207275,5.241811275482178,
730,5.883465766906738,5.869621753692627,
731,4.520164966583252,4.505376815795898,
732,4.469101905822754,4.454464435577393,
733,5.083337783813477,5.068723201751709,
734,5.456695079803467,5.442859649658203,
735,5.275534152984619,5.2611613273620605,
736,6.19771671295166,6.183768272399902,
737,5.532336235046387,5.517881870269775,
738,4.522986888885498,4.508362770080566,
739,5.268185615539551,5.2536702156066895,
740,5.671110153198242,5.656966686248779,
741,5.841906547546387,5.8284196853637695,
742,4.823363780975342,4.808574199676514,
743,4.899234771728516,4.884716510772705,
744,5.204567909240723,5.1902384757995605,
745,5.054440021514893,5.040146827697754,
746,4.967068672180176,4.952662467956543,
747,5.010404109954834,4.996291637420654,
748,4.722616672515869,4.708255290985107,
749,5.524750709533691,5.510553359985352,
750,5.969926834106445,5.955644607543945,
751,5.791262149810791,5.77712869644165,
752,5.599217414855957,5.585111618041992,
753,5.461474895477295,5.446826457977295,
754,6.5927276611328125,6.5801167488098145,
755,4.433897495269775,4.419384479522705,
756,5.060062408447266,5.046469211578369,
757,5.950920581817627,5.936655521392822,
758,6.4806742668151855,6.46750020980835,
759,4.802229404449463,4.788099765777588,
760,4.773366451263428,4.759039402008057,
761,5.256649017333984,5.242598056793213,
762,5.051546573638916,5.037299156188965,
763,5.040224552154541,5.026252269744873,
764,5.350318431854248,5.336453914642334,
765,5.4763946533203125,5.4621968269348145,
766,5.269627094268799,5.255679607391357,
767,5.208675861358643,5.194539546966553,
768,5.611494541168213,5.598062515258789,
769,4.765031814575195,4.7505784034729,
770,5.73710823059082,5.72308874130249,
771,5.150192737579346,5.136430263519287,
772,5.022708415985107,5.008148670196533,
773,5.040419578552246,5.025944709777832,
774,5.038078308105469,5.023675441741943,
775,5.12614631652832,5.111720561981201,
776,5.596714973449707,5.5832648277282715,
777,5.441764831542969,5.427901268005371,
778,5.036139011383057,5.0222392082214355,
779,4.400567531585693,4.38613748550415,
780,5.616235733032227,5.60280179977417,
781,3.828007459640503,3.8134968280792236,
782,6.059184551239014,6.045775890350342,
783,5.423306941986084,5.409432888031006,
784,5.579325199127197,5.565622806549072,
785,5.786619186401367,5.773444652557373,
786,4.81190299987793,4.798078536987305,
787,4.098090648651123,4.083702087402344,
788,5.4412384033203125,5.427335739135742,
789,4.498995304107666,4.485017776489258,
790,5.197302341461182,5.183938503265381,
791,5.219866752624512,5.206242561340332,
792,4.982057571411133,4.968254089355469,
793,5.825929164886475,5.81262731552124,
794,5.1628217697143555,5.1492133140563965,
795,5.236188888549805,5.22260856628418,
796,5.985042095184326,5.971647262573242,
797,4.924088001251221,4.909736633300781,
798,5.056028366088867,5.042214393615723,
799,4.815319538116455,4.800884246826172,
800,5.414076328277588,5.400386333465576,7.573612689971924
801,4.908257484436035,4.894941329956055,
802,5.400417804718018,5.386918067932129,
803,4.534936904907227,4.520824909210205,
804,4.827477931976318,4.813679218292236,
805,5.212355613708496,5.199017524719238,
806,5.808182716369629,5.79489803314209,
807,5.255072116851807,5.241272449493408,
808,5.716030120849609,5.7025017738342285,
809,4.473515033721924,4.459468841552734,
810,5.944221019744873,5.931301593780518,
811,5.849609851837158,5.83646297454834,
812,5.273989200592041,5.260857582092285,
813,4.380749702453613,4.3666276931762695,
814,4.727944374084473,4.7140960693359375,
815,4.857128143310547,4.843676567077637,
816,4.807688236236572,4.7943925857543945,
817,5.244721412658691,5.231222629547119,
818,5.460482120513916,5.447472095489502,
819,5.324700832366943,5.311481952667236,
820,4.509438514709473,4.4957451820373535,
821,5.5212273597717285,5.507760524749756,
822,5.593663215637207,5.581010818481445,
823,5.529257774353027,5.516108989715576,
824,4.922858715057373,4.909390926361084,
825,5.261953353881836,5.248373985290527,
826,4.884043216705322,4.870667934417725,
827,5.396256923675537,5.382969856262207,
828,4.960694789886475,4.947183609008789,
829,5.619991779327393,5.606809616088867,
830,5.6244893074035645,5.611328125,
831,5.652267932891846,5.639820575714111,
832,5.809652328491211,5.796721458435059,
833,4.4521636962890625,4.438164234161377,
834,4.939809322357178,4.926623821258545,
835,4.8038434982299805,4.790557861328125,
836,5.502212047576904,5.488681793212891,
837,6.22137975692749,6.208771705627441,
838,5.527408599853516,5.514585018157959,
839,4.933740615844727,4.920119762420654,
840,5.559396743774414,5.546271324157715,
841,5.298284530639648,5.285281181335449,
842,5.14910364151001,5.135921955108643,
843,5.732402324676514,5.720309257507324,
844,5.830782890319824,5.818119525909424,
845,4.9641432762146,4.951056003570557,
846,5.311941146850586,5.29904842376709,
847,5.498738765716553,5.485474586486816,
848,5.982274055480957,5.969581604003906,
849,5.560555458068848,5.547942161560059,
850,6.02705717086792,6.014495372772217,
851,5.716314792633057,5.7035627365112305,
852,5.225579261779785,5.212674617767334,
853,6.0130510330200195,6.000442981719971,
854,4.843437194824219,4.829898357391357,
855,5.168707847595215,5.156064510345459,
856,5.263929843902588,5.250888824462891,
857,4.989928722381592,4.977151870727539,
858,5.536004543304443,5.523455619812012,
859,4.871572494506836,4.858381271362305,
860,5.477715492248535,5.46471643447876,
861,5.1375627517700195,5.124730587005615,
862,5.4295220375061035,5.417204856872559,
863,4.761961460113525,4.749084949493408,
864,4.848867893218994,4.83540153503418,
865,5.482274055480957,5.469316005706787,
866,5.203429222106934,5.190183639526367,
867,4.548221111297607,4.535128116607666,
868,5.50361967086792,5.491177082061768,
869,5.4157209396362305,5.402723789215088,
870,5.364735126495361,5.352159023284912,
871,5.116069793701172,5.103024482727051,
872,3.9505958557128906,3.9371275901794434,
873,5.722024440765381,5.709872722625732,
874,6.02724027633667,6.013341903686523,
875,5.6785197257995605,5.666082382202148,
876,5.257571220397949,5.244917869567871,
877,4.836609840393066,4.823662281036377,
878,5.644636154174805,5.631912708282471,
879,5.049470901489258,5.036569595336914,
880,6.175032615661621,6.162662029266357,
881,5.831193923950195,5.819181442260742,
882,6.027941703796387,6.015724182128906,
883,5.300882339477539,5.288194179534912,
884,6.087075233459473,6.075243949890137,
885,5.775404930114746,5.763567924499512,
886,5.030706405639648,5.017752170562744,
887,6.348997116088867,6.336919784545898,
888,4.430676460266113,4.417975902557373,
889,4.776743412017822,4.763857841491699,
890,5.700016975402832,5.688077926635742,
891,5.8929572105407715,5.8811469078063965,
892,6.013826847076416,6.001314163208008,
893,4.650920391082764,4.638185024261475,
894,5.700814723968506,5.688681602478027,
895,5.985870361328125,5.973832607269287,
896,6.091684818267822,6.0799384117126465,
897,5.2976531982421875,5.285188674926758,
898,5.892949104309082,5.880841255187988,
899,6.9483232498168945,6.937381744384766,
900,5.651932716369629,5.639882564544678,
901,5.560049057006836,5.548381328582764,
902,5.073180675506592,5.060604572296143,
903,5.774685859680176,5.76292085647583,
904,4.268194675445557,4.255263805389404,
905,4.824386119842529,4.812328338623047,
906,5.849351406097412,5.838037014007568,
907,5.118680477142334,5.107406139373779,
908,5.68232536315918,5.670299053192139,
909,5.296774864196777,5.284884929656982,
910,5.998475074768066,5.986917972564697,
911,6.138799667358398,6.127420902252197,
912,5.10499382019043,5.092644691467285,
913,5.374362468719482,5.362588882446289,
914,6.216386795043945,6.205090045928955,
915,4.554013252258301,4.541726589202881,
916,5.830438137054443,5.819491386413574,
917,5.39137601852417,5.379424571990967,
918,4.685399532318115,4.672659873962402,
919,6.03806734085083,6.02626895904541,
920,5.855338096618652,5.843691825866699,
921,4.3721489906311035,4.359181880950928,
922,6.697319507598877,6.686291217803955,
923,4.645599842071533,4.632937431335449,
924,5.534465789794922,5.522589683532715,
925,5.8206305503845215,5.80896520614624,
926,5.2404866218566895,5.2283124923706055,
927,6.357664585113525,6.346182346343994,
928,5.80326509475708,5.791458606719971,
929,5.4928202629089355,5.481339931488037,
930,4.727806091308594,4.715268611907959,
931,5.323802947998047,5.311585426330566,
932,4.160066604614258,4.147350788116455,
933,5.261220455169678,5.249157428741455,
934,5.436830043792725,5.4247565269470215,
935,5.902707099914551,5.891473770141602,
936,5.5362958908081055,5.5245585441589355,
937,6.295182228088379,6.284083843231201,
938,9.185199737548828,9.174907684326172,
939,7.1722869873046875,7.161054611206055,
940,5.834746360778809,5.822422504425049,
941,5.670429706573486,5.658276081085205,
942,6.309948444366455,6.2986249923706055,
943,4.68917179107666,4.676416873931885,
944,6.104125022888184,6.0929155349731445,
945,5.569182395935059,5.557850360870361,
946,5.061855792999268,5.0500335693359375,
947,6.053792953491211,6.0428595542907715,
948,5.76229190826416,5.75058126449585,
949,5.838258266448975,5.827181816101074,
950,5.325669288635254,5.313515663146973,
951,6.044964790344238,6.033893585205078,
952,4.555736541748047,4.543934345245361,
953,6.433162212371826,6.421964645385742,
954,6.146725177764893,6.13588809967041,
955,4.587463855743408,4.575094223022461,
956,5.3010663986206055,5.2899956703186035,
957,7.018502235412598,7.007059574127197,
958,4.787957668304443,4.775465965270996,
959,5.783547878265381,5.772401332855225,
960,5.378507137298584,5.366665363311768,
961,6.1148295402526855,6.103808879852295,
962,5.665736675262451,5.654426097869873,
963,5.343901634216309,5.3322529792785645,
964,6.2828369140625,6.271908283233643,
965,6.356471061706543,6.346177101135254,
966,7.170410633087158,7.160497188568115,
967,5.461391448974609,5.4494218826293945,
968,5.959073066711426,5.947585582733154,
969,5.791563987731934,5.7802414894104,
970,6.218291759490967,6.20741081237793,
971,5.578558444976807,5.567536354064941,
972,6.376778602600098,6.365452766418457,
973,4.989758014678955,4.97824239730835,
974,4.9608941078186035,4.949071884155273,
975,6.186902046203613,6.176185607910156,
976,5.996322154998779,5.9855756759643555,
977,5.884628772735596,5.873884677886963,
978,5.412552833557129,5.40128755569458,
979,7.0043182373046875,6.993333339691162,
980,5.712822914123535,5.701381683349609,
981,5.658809185028076,5.647938251495361,
982,4.512436389923096,4.500004291534424,
983,5.882771968841553,5.87174654006958,
984,8.368579864501953,8.3582124710083,
985,5.9955363273620605,5.984576225280762,
986,9.50117015838623,9.490865707397461,
987,6.477447032928467,6.466883659362793,
988,7.364940643310547,7.355015754699707,
989,5.922040939331055,5.9119648933410645,
990,5.328444480895996,5.317021369934082,
991,5.364490509033203,5.352821350097656,
992,5.048058032989502,5.036495208740234,
993,6.211282253265381,6.200080394744873,
994,6.758072376251221,6.747447967529297,
995,5.7492356300354,5.738498687744141,
996,7.076853275299072,7.065659999847412,
997,6.719499111175537,6.708348274230957,
998,7.211033344268799,7.199725151062012,
999,6.480724334716797,6.469698905944824,
1000,5.462080478668213,5.4502434730529785,7.589831352233887
1001,6.767206192016602,6.756521224975586,
1002,6.4589314460754395,6.4475417137146,
1003,6.056908130645752,6.045343399047852,
1004,6.584414005279541,6.573333740234375,
1005,5.246753692626953,5.2355570793151855,
1006,6.375908374786377,6.3663411140441895,
1007,5.888488292694092,5.877438068389893,
1008,6.130649566650391,6.119442462921143,
1009,6.8766303062438965,6.865703105926514,
1010,5.749166011810303,5.738221645355225,
1011,6.514305591583252,6.504683017730713,
1012,4.763627052307129,4.752148628234863,
1013,6.953770160675049,6.943542003631592,
1014,6.298367977142334,6.287631988525391,
1015,6.879011154174805,6.868317127227783,
1016,5.819391250610352,5.808080196380615,
1017,6.141234874725342,6.129312515258789,
1018,6.926692485809326,6.915055274963379,
1019,7.450771331787109,7.440760612487793,
1020,11.291130065917969,11.281645774841309,
1021,5.580367565155029,5.5696611404418945,
1022,7.369232654571533,7.359354496002197,
1023,6.960921287536621,6.950608253479004,
1024,5.934954643249512,5.923287391662598,
1025,6.659409523010254,6.648221015930176,
1026,5.704921722412109,5.694220542907715,
1027,6.804805278778076,6.794412136077881,
1028,5.532736778259277,5.521622657775879,
1029,6.39190673828125,6.380887508392334,
1030,6.245325088500977,6.234308242797852,
1031,6.54767370223999,6.536848545074463,
1032,5.894500255584717,5.883914470672607,
1033,5.106866836547852,5.095729351043701,
1034,6.842803478240967,6.832144737243652,
1035,6.8871870040893555,6.8759050369262695,
1036,7.048483848571777,7.038452625274658,
1037,6.447772026062012,6.437332630157471,
1038,6.41546630859375,6.4052629470825195,
1039,6.049267292022705,6.0381293296813965,
1040,4.992788314819336,4.980813980102539,
1041,7.900744915008545,7.890275478363037,
1042,6.311700344085693,6.300052165985107,
1043,6.635765075683594,6.62552547454834,
1044,6.569220542907715,6.558351039886475,
1045,6.366332054138184,6.3557658195495605,
1046,6.726696968078613,6.715657711029053,
1047,8.104390144348145,8.093976020812988,
1048,6.760978698730469,6.750406742095947,
1049,6.9119672775268555,6.9016218185424805,
1050,6.048745632171631,6.0380682945251465,
1051,5.709848403930664,5.699193954467773,
1052,6.133246898651123,6.1220383644104,
1053,5.799807071685791,5.790027618408203,
1054,6.48868989944458,6.477986812591553,
1055,7.60226583480835,7.59248161315918,
1056,7.510097980499268,7.499927043914795,
1057,5.704587936401367,5.693957328796387,
1058,6.017670154571533,6.007291316986084,
1059,6.267415523529053,6.257105350494385,
1060,7.686622142791748,7.676601409912109,
1061,7.716238498687744,7.705857753753662,
1062,7.1644110679626465,7.153531074523926,
1063,9.157479286193848,9.147500991821289,
1064,8.594563484191895,8.583587646484375,
1065,8.37580680847168,8.365251541137695,
1066,6.674378395080566,6.664653778076172,
1067,5.444736957550049,5.4338483810424805,
1068,6.793166637420654,6.782305717468262,
1069,5.674266338348389,5.663144111633301,
1070,6.6926069259643555,6.681125640869141,
1071,7.082948684692383,7.074347496032715,
1072,5.6916704177856445,5.680819988250732,
1073,4.3333868980407715,4.321502685546875,
1074,5.710727214813232,5.700206279754639,
1075,5.354215145111084,5.3429274559021,
1076,6.224164009094238,6.2136006355285645,
1077,6.257434368133545,6.246697425842285,
1078,6.493734359741211,6.482876777648926,
1079,5.52118444442749,5.509824275970459,
1080,5.518985748291016,5.50698709487915,
1081,5.920737266540527,5.9101152420043945,
1082,5.5072712898254395,5.496442794799805,
1083,5.989384651184082,5.978799343109131,
1084,11.008828163146973,10.998929023742676,
1085,7.686282157897949,7.6769514083862305,
1086,5.215385437011719,5.204040050506592,
1087,5.846840858459473,5.836063385009766,
1088,5.703779220581055,5.693077087402344,
1089,4.857106685638428,4.845642566680908,
1090,5.6452765464782715,5.6342315673828125,
1091,5.292806625366211,5.281366348266602,
1092,5.870214462280273,5.859423637390137,
1093,8.648344993591309,8.637103080749512,
1094,5.758274078369141,5.746798515319824,
1095,14.400846481323242,14.389774322509766,
1096,6.429749488830566,6.41724967956543,
1097,6.004931449890137,5.992656230926514,
1098,7.551740646362305,7.539444446563721,
1099,8.174956321716309,8.16308307647705,
1100,8.530285835266113,8.518592834472656,
1101,6.422652244567871,6.410759449005127,
1102,5.503948211669922,5.491664409637451,
1103,7.087428569793701,7.075726509094238,
1104,6.499897480010986,6.488356113433838,
1105,6.537857532501221,6.526607990264893,
1106,6.4205498695373535,6.409829616546631,
1107,5.87152624130249,5.860395908355713,
1108,5.773270606994629,5.762697219848633,
1109,6.219466686248779,6.208560943603516,
1110,6.4167561531066895,6.405455112457275,
1111,6.973841190338135,6.963833808898926,
1112,7.336732387542725,7.326320171356201,
1113,5.52590274810791,5.515000820159912,
1114,6.236021518707275,6.225692272186279,
1115,5.716213226318359,5.705477237701416,
1116,5.81827974319458,5.807150840759277,
1117,6.1321187019348145,6.121654033660889,
1118,5.8785905838012695,5.868443012237549,
1119,5.720132350921631,5.709829807281494,
1120,6.535487174987793,6.5256500244140625,
1121,5.584658622741699,5.57334566116333,
1122,5.680234432220459,5.669084548950195,
1123,5.294902801513672,5.283787250518799,
1124,5.920216083526611,5.909163951873779,
1125,6.311413764953613,6.300973892211914,
1126,5.5870585441589355,5.575779438018799,
1127,6.115828514099121,6.105748176574707,
1128,5.89461088180542,5.883880138397217,
1129,5.964104652404785,5.953338623046875,
1130,5.809961318969727,5.799462795257568,
1131,7.469143390655518,7.460392951965332,
1132,5.984638690948486,5.974028587341309,
1133,5.889100074768066,5.877730369567871,
1134,6.112320423126221,6.102687835693359,
1135,6.210777759552002,6.2004780769348145,
1136,6.2071075439453125,6.197200775146484,
1137,6.890584468841553,6.880319118499756,
1138,6.266170024871826,6.254934787750244,
1139,6.2632622718811035,6.253598213195801,
1140,6.389382839202881,6.3797736167907715,
1141,5.94809103012085,5.937429428100586,
1142,6.44719123840332,6.436468601226807,
1143,5.758852005004883,5.748293876647949,
1144,5.896688461303711,5.886232852935791,
1145,6.189267635345459,6.1795549392700195,
1146,6.550498962402344,6.540371894836426,
1147,7.258659362792969,7.2487006187438965,
1148,6.150890350341797,6.140517234802246,
1149,7.845821380615234,7.83578634262085,
1150,8.313176155090332,8.302928924560547,
1151,6.165613174438477,6.155581474304199,
1152,7.271422386169434,7.262311935424805,
1153,7.179244041442871,7.170441150665283,
1154,5.428815841674805,5.4179301261901855,
1155,6.993098735809326,6.982522487640381,
1156,6.603551387786865,6.592845439910889,
1157,6.135931491851807,6.125661849975586,
1158,7.736660003662109,7.7278337478637695,
1159,6.018012046813965,6.007387638092041,
1160,6.483527183532715,6.473521709442139,
1161,6.551227569580078,6.541388034820557,
1162,8.770150184631348,8.759987831115723,
1163,6.558529376983643,6.548146724700928,
1164,9.026206970214844,9.016087532043457,
1165,8.224729537963867,8.215538024902344,
1166,7.851137638092041,7.841729164123535,
1167,7.174342155456543,7.163896083831787,
1168,6.366125583648682,6.356494426727295,
1169,8.80094051361084,8.791287422180176,
1170,8.018716812133789,8.007962226867676,
1171,6.268599987030029,6.259797096252441,
1172,5.640981674194336,5.631072521209717,
1173,6.217528820037842,6.206471920013428,
1174,6.859899997711182,6.849760055541992,
1175,7.852015495300293,7.8416748046875,
1176,8.117891311645508,8.107223510742188,
1177,6.234738349914551,6.225036144256592,
1178,6.857006549835205,6.847493648529053,
1179,7.7524895668029785,7.742934226989746,
1180,7.430267333984375,7.420346736907959,
1181,7.307181358337402,7.297085762023926,
1182,7.420767307281494,7.410775661468506,
1183,9.448457717895508,9.438738822937012,
1184,5.562160968780518,5.5520219802856445,
1185,8.14947509765625,8.139137268066406,
1186,6.937889099121094,6.928416728973389,
1187,6.47109317779541,6.460636138916016,
1188,8.278663635253906,8.269458770751953,
1189,6.1173272132873535,6.106262683868408,
1190,5.794465065002441,5.783589839935303,
1191,9.145459175109863,9.135631561279297,
1192,5.768456935882568,5.758983135223389,
1193,8.183631896972656,8.173733711242676,
1194,7.489339351654053,7.4790263175964355,
1195,7.142265319824219,7.1321234703063965,
1196,5.628595352172852,5.618603229522705,
1197,7.782853603363037,7.772582054138184,
1198,6.452263832092285,6.44288969039917,
1199,6.444847583770752,6.434410572052002,
1200,9.900660514831543,9.890913009643555,7.494551181793213
1201,6.964001178741455,6.952927589416504,
1202,5.672444820404053,5.661475658416748,
1203,10.482064247131348,10.4718599319458,
1204,4.971695423126221,4.961910247802734,
1205,5.60695219039917,5.596571922302246,
1206,5.709845542907715,5.699580669403076,
1207,9.83320426940918,9.823873519897461,
1208,12.086649894714355,12.07762622833252,
1209,8.401647567749023,8.39115047454834,
1210,9.812140464782715,9.802830696105957,
1211,7.754424095153809,7.744492053985596,
1212,6.286896228790283,6.277724266052246,
1213,6.685096740722656,6.6759443283081055,
1214,6.813272476196289,6.804309368133545,
1215,7.338658332824707,7.328423023223877,
1216,6.614424228668213,6.604698181152344,
1217,5.950460433959961,5.9400248527526855,
1218,12.354521751403809,12.34616470336914,
1219,9.307755470275879,9.297847747802734,
1220,7.644622802734375,7.634030342102051,
1221,8.6686429977417,8.658000946044922,
1222,6.526697158813477,6.516242504119873,
1223,8.202223777770996,8.192302703857422,
1224,7.139472961425781,7.130476951599121,
1225,6.00323486328125,5.9926300048828125,
1226,7.396252632141113,7.387200355529785,
1227,7.865931987762451,7.857522487640381,
1228,5.92424201965332,5.913143634796143,
1229,6.354974746704102,6.344942092895508,
1230,6.239226818084717,6.229831218719482,
1231,6.603826522827148,6.595048427581787,
1232,6.454146385192871,6.444822311401367,
1233,6.183388710021973,6.173382759094238,
1234,6.967915058135986,6.958135604858398,
1235,6.8960771560668945,6.887164115905762,
1236,5.294511318206787,5.2837042808532715,
1237,6.5731916427612305,6.563231468200684,
1238,6.048396587371826,6.038136959075928,
1239,6.150783061981201,6.139918327331543,
1240,10.860844612121582,10.851123809814453,
1241,8.737139701843262,8.727211952209473,
1242,10.299443244934082,10.28945541381836,
1243,6.899446487426758,6.889307498931885,
1244,7.635146141052246,7.624695301055908,
1245,7.9413886070251465,7.9310994148254395,
1246,12.32612419128418,12.316307067871094,
1247,8.459000587463379,8.447994232177734,
1248,6.61992073059082,6.609590530395508,
1249,14.511504173278809,14.501371383666992,
1250,6.054274559020996,6.043781757354736,
1251,6.0791015625,6.0691962242126465,
1252,6.097621440887451,6.086520195007324,
1253,5.709107398986816,5.698718547821045,
1254,5.982015132904053,5.971860408782959,
1255,7.056124687194824,7.045811176300049,
1256,7.055453777313232,7.045238018035889,
1257,7.29271936416626,7.282280921936035,
1258,8.595602035522461,8.586063385009766,
1259,7.471982479095459,7.462221622467041,
1260,7.1757588386535645,7.166250705718994,
1261,6.428780555725098,6.418088436126709,
1262,7.271091938018799,7.26024866104126,
1263,7.390229225158691,7.3805928230285645,
1264,6.804466724395752,6.795726299285889,
1265,7.76938009262085,7.759762763977051,
1266,7.2316670417785645,7.221659183502197,
1267,9.12367057800293,9.113388061523438,
1268,6.672237873077393,6.6621012687683105,
1269,9.104228973388672,9.096430778503418,
1270,8.131208419799805,8.121113777160645,
1271,9.54566478729248,9.535126686096191,
1272,5.814334392547607,5.803777694702148,
1273,8.882259368896484,8.873153686523438,
1274,15.483208656311035,15.473652839660645,
1275,8.808945655822754,8.800272941589355,
1276,8.042404174804688,8.032584190368652,
1277,8.95104694366455,8.941287994384766,
1278,7.794379234313965,7.784601211547852,
1279,9.898411750793457,9.888092041015625,
1280,7.597649574279785,7.58839750289917,
1281,9.532230377197266,9.523358345031738,
1282,10.859458923339844,10.850271224975586,
1283,8.021402359008789,8.010902404785156,
1284,7.197047710418701,7.187446117401123,
1285,13.0478515625,13.038963317871094,
1286,6.972017288208008,6.9618682861328125,
1287,11.163167953491211,11.153491020202637,
1288,7.631616115570068,7.621720314025879,
1289,9.488682746887207,9.47900104522705,
1290,8.24942684173584,8.239335060119629,
1291,8.474971771240234,8.46570873260498,
1292,8.621132850646973,8.61094856262207,
1293,9.313682556152344,9.304438591003418,
1294,7.176677703857422,7.166441917419434,
1295,8.876160621643066,8.86589527130127,
1296,7.278770923614502,7.268462181091309,
1297,6.907707214355469,6.896925926208496,
1298,8.481597900390625,8.472648620605469,
1299,9.406439781188965,9.3967866897583,
1300,10.441427230834961,10.43198013305664,
1301,8.29558277130127,8.285449981689453,
1302,9.578380584716797,9.568485260009766,
1303,6.277710437774658,6.268551826477051,
1304,5.993904113769531,5.9838151931762695,
1305,5.798421382904053,5.787873268127441,
1306,7.79434061050415,7.784750938415527,
1307,7.362347602844238,7.352320194244385,
1308,8.656923294067383,8.64743423461914,
1309,9.341748237609863,9.333096504211426,
1310,6.347738742828369,6.3381853103637695,
1311,9.680281639099121,9.671011924743652,
1312,6.930110931396484,6.920188903808594,
1313,9.372721672058105,9.363409042358398,
1314,6.515212535858154,6.504917621612549,
1315,6.165994644165039,6.155660629272461,
1316,8.064809799194336,8.055304527282715,
1317,9.581966400146484,9.573119163513184,
1318,11.35920238494873,11.350346565246582,
1319,10.358927726745605,10.350624084472656,
1320,8.91234016418457,8.902979850769043,
1321,8.865229606628418,8.8562593460083,
1322,9.164100646972656,9.154997825622559,
1323,9.199872970581055,9.191426277160645,
1324,6.624155044555664,6.6151275634765625,
1325,6.213098049163818,6.2034077644348145,
1326,5.496260643005371,5.4859418869018555,
1327,6.453350067138672,6.442661762237549,
1328,6.3699049949646,6.360706806182861,
1329,5.809135437011719,5.800075531005859,
1330,6.227071285247803,6.217015266418457,
1331,6.622341632843018,6.612976551055908,
1332,8.1549072265625,8.144247055053711,
1333,7.058659076690674,7.049007415771484,
1334,7.42006254196167,7.409912586212158,
1335,7.333927631378174,7.323942184448242,
1336,7.5528435707092285,7.543449401855469,
1337,6.858531951904297,6.849369525909424,
1338,7.606375694274902,7.597065448760986,
1339,8.750569343566895,8.739992141723633,
1340,9.135074615478516,9.125011444091797,
1341,7.949047088623047,7.938862323760986,
1342,11.382554054260254,11.37375259399414,
1343,7.638088226318359,7.628365516662598,
1344,8.987062454223633,8.978044509887695,
1345,8.828668594360352,8.81856632232666,
1346,9.446149826049805,9.437739372253418,
1347,9.431930541992188,9.423251152038574,
1348,6.82952880859375,6.81964635848999,
1349,8.011120796203613,8.002649307250977,
1350,7.6813645362854,7.672576904296875,
1351,8.91624927520752,8.906747817993164,
1352,8.120169639587402,8.11093807220459,
1353,5.918429374694824,5.909832000732422,
1354,7.386553764343262,7.376435279846191,
1355,8.785134315490723,8.774914741516113,
1356,7.773769378662109,7.764656066894531,
1357,9.000752449035645,8.990097999572754,
1358,8.247995376586914,8.23828125,
1359,6.548921585083008,6.539867401123047,
1360,6.749785423278809,6.739928245544434,
1361,10.193268775939941,10.185016632080078,
1362,9.662676811218262,9.653698921203613,
1363,9.36131477355957,9.353065490722656,
1364,12.664145469665527,12.654874801635742,
1365,8.021812438964844,8.012740135192871,
1366,7.133607387542725,7.123531341552734,
1367,6.6946868896484375,6.684877872467041,
1368,5.641580581665039,5.630856037139893,
1369,6.693849563598633,6.6836748123168945,
1370,7.501963138580322,7.491933345794678,
1371,8.484634399414062,8.475966453552246,
1372,7.272799968719482,7.262331485748291,
1373,9.202803611755371,9.193153381347656,
