_step,train/loss,train/lm_loss,train/perplexity,val/loss,lr
1,11.689359664916992,11.689359664916992,119295.59375,,1.4285714285714286e-06
2,11.590357780456543,11.590357780456543,108050.90625,,2.8571428571428573e-06
3,11.485527038574219,11.485527038574219,97297.359375,,4.2857142857142855e-06
4,11.036980628967285,11.036980628967285,62129.77734375,,5.7142857142857145e-06
5,9.966507911682129,9.966507911682129,21300.970703125,,7.1428571428571436e-06
6,10.016337394714355,10.016337394714355,22389.27734375,,8.571428571428571e-06
7,9.047501564025879,9.047501564025879,8497.28125,,1e-05
8,8.588663101196289,8.588663101196289,5370.4287109375,,9.999952535540743e-06
9,7.79796028137207,7.79796028137207,2435.62890625,,9.999810143064122e-06
10,7.1532816886901855,7.1532816886901855,1278.2940673828125,,9.999572825273569e-06
11,7.545554161071777,7.545554161071777,1892.31103515625,,9.999240586674749e-06
12,7.142588138580322,7.142588138580322,1264.697265625,,9.99881343357547e-06
13,7.063425540924072,7.063425540924072,1168.4407958984375,,9.99829137408557e-06
14,6.40920352935791,6.40920352935791,607.4097290039062,,9.997674418116759e-06
15,6.168171405792236,6.168171405792236,477.3125,,9.996962577382428e-06
16,6.643054008483887,6.643054008483887,767.4351806640625,,9.99615586539743e-06
17,6.821534156799316,6.821534156799316,917.391357421875,,9.995254297477827e-06
18,5.706478118896484,5.706478118896484,300.8097839355469,,9.99425789074059e-06
19,5.668429851531982,5.668429851531982,289.5794677734375,,9.993166664103283e-06
20,5.94792366027832,5.94792366027832,382.9573669433594,,9.9919806382837e-06
21,6.0046539306640625,6.0046539306640625,405.31072998046875,,9.99069983579947e-06
22,5.64900541305542,5.64900541305542,284.00885009765625,,9.98932428096763e-06
23,5.272477626800537,5.272477626800537,194.89825439453125,,9.987853999904169e-06
24,5.694490909576416,5.694490909576416,297.2254333496094,,9.986289020523525e-06
25,5.452319622039795,5.452319622039795,233.29872131347656,,9.984629372538055e-06
26,4.967878341674805,4.967878341674805,143.7216339111328,,9.98287508745748e-06
27,5.115957260131836,5.115957260131836,166.66024780273438,,9.981026198588276e-06
28,4.925436019897461,4.925436019897461,137.7493896484375,,9.979082741033047e-06
29,4.569538593292236,4.569538593292236,96.49957275390625,,9.977044751689858e-06
30,5.038280963897705,5.038280963897705,154.20469665527344,,9.974912269251534e-06
31,4.7485833168029785,4.7485833168029785,115.420654296875,,9.972685334204926e-06
32,4.799561500549316,4.799561500549316,121.45714569091797,,9.970363988830138e-06
33,4.417757987976074,4.417757987976074,82.91018676757812,,9.967948277199736e-06
34,4.6901535987854,4.6901535987854,108.86990356445312,,9.965438245177895e-06
35,4.179736614227295,4.179736614227295,65.34864044189453,,9.96283394041954e-06
36,4.854368686676025,4.854368686676025,128.29966735839844,,9.960135412369441e-06
37,4.992672443389893,4.992672443389893,147.3296356201172,,9.957342712261263e-06
38,4.675904273986816,4.675904273986816,107.32957458496094,,9.95445589311661e-06
39,4.800896644592285,4.800896644592285,121.61942291259766,,9.951475009744006e-06
40,4.718963146209717,4.718963146209717,112.05201721191406,,9.948400118737856e-06
41,4.639535903930664,4.639535903930664,103.49630737304688,,9.945231278477374e-06
42,4.048642635345459,4.048642635345459,57.31959915161133,,9.941968549125481e-06
43,4.585780143737793,4.585780143737793,98.07966613769531,,9.938611992627647e-06
44,4.943650722503662,4.943650722503662,140.2814483642578,,9.935161672710728e-06
45,4.649480819702148,4.649480819702148,104.53070068359375,,9.931617654881753e-06
46,4.683601379394531,4.683601379394531,108.15888977050781,,9.927980006426677e-06
47,4.312432289123535,4.312432289123535,74.62176513671875,,9.924248796409107e-06
48,4.402382850646973,4.402382850646973,81.64518737792969,,9.920424095668988e-06
49,4.954346656799316,4.954346656799316,141.78993225097656,,9.916505976821262e-06
50,3.704745292663574,3.704745292663574,40.63969421386719,,9.912494514254487e-06
51,4.027286529541016,4.027286529541016,56.108455657958984,,9.908389784129424e-06
52,4.707367420196533,4.707367420196533,110.76020050048828,,9.904191864377588e-06
53,4.0570807456970215,4.0570807456970215,57.80531692504883,,9.899900834699778e-06
54,3.989152669906616,3.989152669906616,54.00910568237305,,9.895516776564555e-06
55,3.8534936904907227,3.8534936904907227,47.157527923583984,,9.891039773206698e-06
56,4.048794269561768,4.048794269561768,57.32829284667969,,9.886469909625624e-06
57,3.7359232902526855,3.7359232902526855,41.92671585083008,,9.881807272583776e-06
58,3.7547714710235596,3.7547714710235596,42.724456787109375,,9.877051950604972e-06
59,4.04405403137207,4.04405403137207,57.057186126708984,,9.872204033972727e-06
60,3.5094680786132812,3.5094680786132812,33.43048095703125,,9.867263614728535e-06
61,3.766376256942749,3.766376256942749,43.22315216064453,,9.862230786670129e-06
62,4.208256244659424,4.208256244659424,67.23918914794922,,9.857105645349694e-06
63,3.826256036758423,3.826256036758423,45.89040756225586,,9.851888288072053e-06
64,3.7835514545440674,3.7835514545440674,43.971927642822266,,9.846578813892827e-06
65,3.5638504028320312,3.5638504028320312,35.298851013183594,,9.841177323616539e-06
66,3.783693552017212,3.783693552017212,43.978179931640625,,9.835683919794719e-06
67,3.3332464694976807,3.3332464694976807,28.029191970825195,,9.83009870672394e-06
68,3.3836424350738525,3.3836424350738525,29.477947235107422,,9.824421790443855e-06
69,3.937004804611206,3.937004804611206,51.26482391357422,,9.818653278735163e-06
70,3.7282958030700684,3.7282958030700684,41.60813903808594,,9.81279328111758e-06
71,3.967916488647461,3.967916488647461,52.87425231933594,,9.806841908847758e-06
72,3.6165990829467773,3.6165990829467773,37.21080017089844,,9.800799274917159e-06
73,3.5213470458984375,3.5213470458984375,33.8299674987793,,9.794665494049926e-06
74,3.730989933013916,3.730989933013916,41.72039031982422,,9.788440682700695e-06
75,3.6226227283477783,3.6226227283477783,37.43562316894531,,9.782124959052388e-06
76,3.250962018966675,3.250962018966675,25.815162658691406,,9.775718443013969e-06
77,3.5500504970550537,3.5500504970550537,34.8150749206543,,9.769221256218165e-06
78,3.86026930809021,3.86026930809021,47.47813415527344,,9.762633522019159e-06
79,3.687556266784668,3.687556266784668,39.94710922241211,,9.755955365490246e-06
80,3.5016062259674072,3.5016062259674072,33.16868209838867,,9.749186913421465e-06
81,3.3484997749328613,3.3484997749328613,28.460004806518555,,9.742328294317181e-06
82,3.60910701751709,3.60910701751709,36.93305969238281,,9.735379638393654e-06
83,3.8968453407287598,3.8968453407287598,49.246849060058594,,9.72834107757656e-06
84,3.4936792850494385,3.4936792850494385,32.90679931640625,,9.721212745498493e-06
85,3.453087568283081,3.453087568283081,31.597803115844727,,9.713994777496427e-06
86,3.0978786945343018,3.0978786945343018,22.15091323852539,,9.706687310609137e-06
87,3.185697555541992,3.185697555541992,24.184152603149414,,9.699290483574611e-06
88,3.551842451095581,3.551842451095581,34.87751770019531,,9.691804436827409e-06
89,3.4967050552368164,3.4967050552368164,33.00651550292969,,9.68422931249599e-06
90,3.5618972778320312,3.5618972778320312,35.22997283935547,,9.67656525440003e-06
91,3.483201265335083,3.483201265335083,32.56380081176758,,9.66881240804768e-06
92,3.3379688262939453,3.3379688262939453,28.161867141723633,,9.660970920632798e-06
93,3.3004512786865234,3.3004512786865234,27.1248779296875,,9.653040941032173e-06
94,2.9029970169067383,2.9029970169067383,18.228694915771484,,9.64502261980268e-06
95,3.4659547805786133,3.4659547805786133,32.00700378417969,,9.636916109178433e-06
96,3.4965569972991943,3.4965569972991943,33.00163269042969,,9.628721563067888e-06
97,3.8081166744232178,3.8081166744232178,45.065486907958984,,9.620439137050927e-06
98,3.234438419342041,3.234438419342041,25.392108917236328,,9.612068988375898e-06
99,3.3639168739318848,3.3639168739318848,28.902175903320312,,9.603611275956632e-06
100,3.64911150932312,3.64911150932312,38.440494537353516,3.307602882385254,9.595066160369428e-06
101,3.64677357673645,3.64677357673645,38.350730895996094,,9.586433803850002e-06
102,3.440903425216675,3.440903425216675,31.215145111083984,,9.57771437029041e-06
103,3.215085029602051,3.215085029602051,24.905410766601562,,9.56890802523593e-06
104,3.384958505630493,3.384958505630493,29.516767501831055,,9.560014935881924e-06
105,3.5719175338745117,3.5719175338745117,35.58476257324219,,9.551035271070665e-06
106,3.2196831703186035,3.2196831703186035,25.020191192626953,,9.541969201288123e-06
107,3.326836347579956,3.326836347579956,27.850093841552734,,9.532816898660742e-06
108,2.8730814456939697,2.8730814456939697,17.691450119018555,,9.523578536952155e-06
109,3.276149034500122,3.276149034500122,26.4736270904541,,9.514254291559905e-06
110,3.035391092300415,3.035391092300415,20.809114456176758,,9.504844339512096e-06
111,3.5580899715423584,3.5580899715423584,35.09609603881836,,9.495348859464042e-06
112,3.3180418014526367,3.3180418014526367,27.606239318847656,,9.485768031694872e-06
113,2.708892345428467,2.708892345428467,15.0126371383667,,9.476102038104112e-06
114,3.286020278930664,3.286020278930664,26.736249923706055,,9.466351062208223e-06
115,3.235027313232422,3.235027313232422,25.407066345214844,,9.456515289137127e-06
116,2.8557231426239014,2.8557231426239014,17.387006759643555,,9.446594905630682e-06
117,3.5073890686035156,3.5073890686035156,33.361053466796875,,9.436590100035145e-06
118,2.9227311611175537,2.9227311611175537,18.591995239257812,,9.42650106229959e-06
119,3.3397445678710938,3.3397445678710938,28.2119197845459,,9.416327983972304e-06
120,2.9858202934265137,2.9858202934265137,19.8027400970459,,9.406071058197154e-06
121,3.0719079971313477,3.0719079971313477,21.583044052124023,,9.395730479709916e-06
122,3.1322758197784424,3.1322758197784424,22.926095962524414,,9.385306444834573e-06
123,3.181392192840576,3.181392192840576,24.08025360107422,,9.374799151479597e-06
124,3.502155303955078,3.502155303955078,33.18690490722656,,9.364208799134187e-06
125,3.0984010696411133,3.0984010696411133,22.162487030029297,,9.353535588864481e-06
126,3.6058900356292725,3.6058900356292725,36.81443405151367,,9.342779723309746e-06
127,3.028951406478882,3.028951406478882,20.675540924072266,,9.33194140667851e-06
128,3.0595240592956543,3.0595240592956543,21.317407608032227,,9.321020844744717e-06
129,3.1360459327697754,3.1360459327697754,23.0126953125,,9.310018244843789e-06
130,2.9899206161499023,2.9899206161499023,19.884103775024414,,9.29893381586871e-06
131,2.9829306602478027,2.9829306602478027,19.7455997467041,,9.287767768266046e-06
132,2.843649387359619,2.843649387359619,17.178340911865234,,9.27652031403197e-06
133,2.822758674621582,2.822758674621582,16.823196411132812,,9.26519166670821e-06
134,3.077962636947632,3.077962636947632,21.7141170501709,,9.253782041378012e-06
135,3.230458974838257,3.230458974838257,25.291263580322266,,9.24229165466206e-06
136,2.8005685806274414,2.8005685806274414,16.453998565673828,,9.230720724714345e-06
137,3.1336512565612793,3.1336512565612793,22.957653045654297,,9.219069471218045e-06
138,2.994083881378174,2.994083881378174,19.967058181762695,,9.207338115381337e-06
139,3.0853912830352783,3.0853912830352783,21.876026153564453,,9.195526879933206e-06
140,3.238905668258667,3.238905668258667,25.505794525146484,,9.183635989119211e-06
141,2.5233535766601562,2.5233535766601562,12.470346450805664,,9.171665668697236e-06
142,3.057016611099243,3.057016611099243,21.26402473449707,,9.159616145933194e-06
143,2.92737078666687,2.92737078666687,18.678457260131836,,9.14748764959672e-06
144,3.333242654800415,3.333242654800415,28.029085159301758,,9.135280409956819e-06
145,2.722160577774048,2.722160577774048,15.213155746459961,,9.122994658777504e-06
146,3.302597761154175,3.302597761154175,27.183162689208984,,9.110630629313388e-06
147,3.4021971225738525,3.4021971225738525,30.030006408691406,,9.098188556305262e-06
148,3.3274149894714355,3.3274149894714355,27.866214752197266,,9.085668675975634e-06
149,2.7661192417144775,2.7661192417144775,15.896822929382324,,9.073071226024242e-06
150,2.951185464859009,2.951185464859009,19.128616333007812,,9.060396445623545e-06
151,3.137718677520752,3.137718677520752,23.05122184753418,,9.047644575414184e-06
152,2.7521960735321045,2.7521960735321045,15.677021980285645,,9.034815857500407e-06
153,2.832899332046509,2.832899332046509,16.99466323852539,,9.021910535445479e-06
154,3.1294503211975098,3.1294503211975098,22.86141014099121,,9.008928854267054e-06
155,2.8695714473724365,2.8695714473724365,17.62946128845215,,8.99587106043252e-06
156,2.7838447093963623,2.7838447093963623,16.18111228942871,,8.982737401854328e-06
157,2.846867084503174,2.846867084503174,17.233705520629883,,8.969528127885281e-06
158,3.272993803024292,3.272993803024292,26.390228271484375,,8.956243489313795e-06
159,3.219245672225952,3.219245672225952,25.009246826171875,,8.942883738359142e-06
160,3.155012845993042,3.155012845993042,23.453338623046875,,8.92944912866667e-06
161,2.9962515830993652,2.9962515830993652,20.01038932800293,,8.91593991530297e-06
162,3.104276418685913,3.104276418685913,22.29308319091797,,8.902356354751042e-06
163,3.4212868213653564,3.4212868213653564,30.60877799987793,,8.888698704905431e-06
164,2.6538350582122803,2.6538350582122803,14.208425521850586,,8.874967225067325e-06
165,2.614356279373169,2.614356279373169,13.658421516418457,,8.861162175939626e-06
166,3.0570948123931885,3.0570948123931885,21.26568603515625,,8.847283819622015e-06
167,2.5995845794677734,2.5995845794677734,13.458147048950195,,8.83333241960596e-06
168,3.189764976501465,3.189764976501465,24.2827205657959,,8.819308240769726e-06
169,3.1212213039398193,3.1212213039398193,22.674055099487305,,8.805211549373335e-06
170,2.610628843307495,2.610628843307495,13.60760498046875,,8.791042613053527e-06
171,2.575235366821289,2.575235366821289,13.134407997131348,,8.776801700818658e-06
172,2.690925121307373,2.690925121307373,14.745309829711914,,8.76248908304361e-06
173,2.9708213806152344,2.9708213806152344,19.507936477661133,,8.748105031464644e-06
174,2.9483699798583984,2.9483699798583984,19.0748348236084,,8.733649819174257e-06
175,2.705463409423828,2.705463409423828,14.961248397827148,,8.71912372061598e-06
176,3.0160815715789795,3.0160815715789795,20.411155700683594,,8.704527011579181e-06
177,2.860802173614502,2.860802173614502,17.475540161132812,,8.689859969193817e-06
178,2.4353222846984863,2.4353222846984863,11.419499397277832,,8.675122871925183e-06
179,2.9993159770965576,2.9993159770965576,20.07180404663086,,8.660315999568623e-06
180,2.954930067062378,2.954930067062378,19.200380325317383,,8.64543963324421e-06
181,2.461857318878174,2.461857318878174,11.726571083068848,,8.630494055391418e-06
182,2.546985149383545,2.546985149383545,12.768550872802734,,8.615479549763756e-06
183,2.7173657417297363,2.7173657417297363,15.140385627746582,,8.600396401423382e-06
184,2.9460930824279785,2.9460930824279785,19.03145408630371,,8.585244896735683e-06
185,2.889395236968994,2.889395236968994,17.982431411743164,,8.570025323363853e-06
186,2.7563064098358154,2.7563064098358154,15.741592407226562,,8.55473797026342e-06
187,2.7107861042022705,2.7107861042022705,15.041094779968262,,8.539383127676764e-06
188,2.9665682315826416,2.9665682315826416,19.425142288208008,,8.523961087127605e-06
189,2.6440062522888184,2.6440062522888184,14.069457054138184,,8.508472141415468e-06
190,2.636474370956421,2.636474370956421,13.963885307312012,,8.492916584610124e-06
191,2.994441032409668,2.994441032409668,19.974191665649414,,8.477294712046015e-06
192,2.712681531906128,2.712681531906128,15.069631576538086,,8.46160682031663e-06
193,2.6991636753082275,2.6991636753082275,14.867292404174805,,8.44585320726889e-06
194,3.002856731414795,3.002856731414795,20.14299774169922,,8.430034171997487e-06
195,2.7201883792877197,2.7201883792877197,15.183181762695312,,8.4141500148392e-06
196,2.483787775039673,2.483787775039673,11.986580848693848,,8.398201037367202e-06
197,2.54909348487854,2.54909348487854,12.795499801635742,,8.382187542385329e-06
198,3.0268943309783936,3.0268943309783936,20.633054733276367,,8.366109833922335e-06
199,2.64532208442688,2.64532208442688,14.087981224060059,,8.349968217226114e-06
200,2.903085708618164,2.903085708618164,18.23031234741211,2.792379140853882,8.333762998757908e-06
201,2.6040239334106445,2.6040239334106445,13.518025398254395,,8.31749448618649e-06
202,2.4944498538970947,2.4944498538970947,12.115066528320312,,8.301162988382325e-06
203,2.925283670425415,2.925283670425415,18.63951301574707,,8.284768815411693e-06
204,2.4443507194519043,2.4443507194519043,11.523066520690918,,8.268312278530816e-06
205,2.783369541168213,2.783369541168213,16.173425674438477,,8.251793690179947e-06
206,2.8815560340881348,2.8815560340881348,17.84201431274414,,8.23521336397743e-06
207,2.8234410285949707,2.8234410285949707,16.834678649902344,,8.21857161471375e-06
208,2.4428656101226807,2.4428656101226807,11.505966186523438,,8.201868758345561e-06
209,2.7078287601470947,2.7078287601470947,14.996679306030273,,8.185105111989683e-06
210,2.435631513595581,2.435631513595581,11.423030853271484,,8.168280993917078e-06
211,2.7076237201690674,2.7076237201690674,14.99360466003418,,8.15139672354681e-06
212,2.6730704307556152,2.6730704307556152,14.484374046325684,,8.134452621439988e-06
213,2.8773534297943115,2.8773534297943115,17.767189025878906,,8.117449009293668e-06
214,2.8586175441741943,2.8586175441741943,17.43740463256836,,8.100386209934754e-06
215,2.5903873443603516,2.5903873443603516,13.334936141967773,,8.083264547313863e-06
216,2.8431038856506348,2.8431038856506348,17.168973922729492,,8.066084346499176e-06
217,2.6535964012145996,2.6535964012145996,14.205035209655762,,8.048845933670274e-06
218,2.8704612255096436,2.8704612255096436,17.64515495300293,,8.031549636111928e-06
219,2.6004741191864014,2.6004741191864014,13.470123291015625,,8.01419578220791e-06
220,3.1866812705993652,3.1866812705993652,24.20795440673828,,7.99678470143473e-06
221,2.742976188659668,2.742976188659668,15.533145904541016,,7.979316724355406e-06
222,2.6811106204986572,2.6811106204986572,14.601301193237305,,7.96179218261317e-06
223,2.5497961044311523,2.5497961044311523,12.804492950439453,,7.944211408925184e-06
224,2.8710339069366455,2.8710339069366455,17.655261993408203,,7.92657473707621e-06
225,2.564290761947632,2.564290761947632,12.99144172668457,,7.908882501912289e-06
226,3.02960205078125,3.02960205078125,20.688997268676758,,7.89113503933437e-06
227,2.715916156768799,2.715916156768799,15.118454933166504,,7.873332686291939e-06
228,2.830446243286133,2.830446243286133,16.95302391052246,,7.855475780776618e-06
229,2.358160972595215,2.358160972595215,10.571492195129395,,7.837564661815755e-06
230,2.9068820476531982,2.9068820476531982,18.299652099609375,,7.819599669465979e-06
231,2.591526746749878,2.591526746749878,13.350138664245605,,7.801581144806752e-06
232,2.656642436981201,2.656642436981201,14.248369216918945,,7.78350942993388e-06
233,2.430540084838867,2.430540084838867,11.365018844604492,,7.765384867953038e-06
234,3.097126007080078,3.097126007080078,22.134246826171875,,7.74720780297324e-06
235,2.516099691390991,2.516099691390991,12.380215644836426,,7.728978580100304e-06
236,2.597905397415161,2.597905397415161,13.435566902160645,,7.71069754543032e-06
237,3.212399959564209,3.212399959564209,24.838626861572266,,7.692365046043053e-06
238,2.987179756164551,2.987179756164551,19.829679489135742,,7.673981429995372e-06
239,2.7938947677612305,2.7938947677612305,16.344554901123047,,7.655547046314635e-06
240,2.9237964153289795,2.9237964153289795,18.6118106842041,,7.637062244992065e-06
241,2.862653970718384,2.862653970718384,17.507930755615234,,7.6185273769761015e-06
242,2.8749687671661377,2.8749687671661377,17.724870681762695,,7.599942794165738e-06
243,2.6207728385925293,2.6207728385925293,13.746343612670898,,7.581308849403843e-06
244,3.124121904373169,3.124121904373169,22.739919662475586,,7.5626258964704634e-06
245,3.0473201274871826,3.0473201274871826,21.058834075927734,,7.5438942900761035e-06
246,2.799327850341797,2.799327850341797,16.433597564697266,,7.525114385854988e-06
247,2.196845531463623,2.196845531463623,8.996589660644531,,7.506286540358318e-06
248,2.353991985321045,2.353991985321045,10.527511596679688,,7.4874111110474955e-06
249,3.0656399726867676,3.0656399726867676,21.448183059692383,,7.4684884562873375e-06
250,2.5084288120269775,2.5084288120269775,12.285612106323242,,7.449518935339276e-06
251,2.6047346591949463,2.6047346591949463,13.52763557434082,,7.430502908354532e-06
252,2.99831223487854,2.99831223487854,20.051666259765625,,7.411440736367281e-06
253,2.761789560317993,2.761789560317993,15.828143119812012,,7.392332781287798e-06
254,2.3680708408355713,2.3680708408355713,10.676774978637695,,7.373179405895582e-06
255,2.5826797485351562,2.5826797485351562,13.232550621032715,,7.353980973832479e-06
256,3.009188413619995,3.009188413619995,20.27094268798828,,7.3347378495957655e-06
257,2.557281017303467,2.557281017303467,12.9006929397583,,7.3154503985312366e-06
258,2.8102431297302246,2.8102431297302246,16.613956451416016,,7.296118986826266e-06
259,2.4768004417419434,2.4768004417419434,11.903119087219238,,7.276743981502856e-06
260,2.616560220718384,2.616560220718384,13.688556671142578,,7.2573257504106665e-06
261,2.6130168437957764,2.6130168437957764,13.64013957977295,,7.237864662220032e-06
262,3.152639865875244,3.152639865875244,23.397750854492188,,7.2183610864149655e-06
263,2.588780164718628,2.588780164718628,13.313521385192871,,7.198815393286136e-06
264,2.551194190979004,2.551194190979004,12.822406768798828,,7.179227953923848e-06
265,2.606273889541626,2.606273889541626,13.548474311828613,,7.1595991402109865e-06
266,2.505521059036255,2.505521059036255,12.249940872192383,,7.139929324815965e-06
267,2.7129454612731934,2.7129454612731934,15.073609352111816,,7.120218881185644e-06
268,2.1385135650634766,2.1385135650634766,8.48681354522705,,7.100468183538241e-06
269,2.6771481037139893,2.6771481037139893,14.543557167053223,,7.08067760685623e-06
270,2.666836738586426,2.666836738586426,14.394364356994629,,7.0608475268792186e-06
271,2.7261955738067627,2.7261955738067627,15.274665832519531,,7.040978320096819e-06
272,2.6027414798736572,2.6027414798736572,13.500699043273926,,7.021070363741492e-06
273,2.696436882019043,2.696436882019043,14.826807975769043,,7.00112403578139e-06
274,2.932177782058716,2.932177782058716,18.76845932006836,,6.9811397149131835e-06
275,2.8556363582611084,2.8556363582611084,17.385498046875,,6.961117780554862e-06
276,2.789945125579834,2.789945125579834,16.280126571655273,,6.941058612838544e-06
277,2.452876091003418,2.452876091003418,11.621724128723145,,6.9209625926032485e-06
278,2.8410801887512207,2.8410801887512207,17.13426399230957,,6.900830101387667e-06
279,3.1835222244262695,3.1835222244262695,24.13159942626953,,6.8806615214229275e-06
280,2.556854486465454,2.556854486465454,12.895191192626953,,6.860457235625322e-06
281,2.5430636405944824,2.5430636405944824,12.71857738494873,,6.840217627589052e-06
282,2.4747579097747803,2.4747579097747803,11.878830909729004,,6.819943081578939e-06
283,2.1751716136932373,2.1751716136932373,8.803695678710938,,6.799633982523128e-06
284,2.4992427825927734,2.4992427825927734,12.173273086547852,,6.7792907160057796e-06
285,2.877138614654541,2.877138614654541,17.76337242126465,,6.758913668259753e-06
286,3.001917839050293,3.001917839050293,20.124094009399414,,6.738503226159269e-06
287,2.46393084526062,2.46393084526062,11.7509126663208,,6.7180597772125665e-06
288,2.653773784637451,2.653773784637451,14.20755386352539,,6.697583709554545e-06
289,2.600036144256592,2.600036144256592,13.464224815368652,,6.677075411939396e-06
290,2.28080153465271,2.28080153465271,9.784520149230957,,6.656535273733222e-06
291,2.622854709625244,2.622854709625244,13.774991035461426,,6.635963684906646e-06
292,3.2054977416992188,3.2054977416992188,24.667776107788086,,6.6153610360274014e-06
293,2.326263189315796,2.326263189315796,10.239606857299805,,6.594727718252925e-06
294,2.7050323486328125,2.7050323486328125,14.954800605773926,,6.574064123322925e-06
295,2.2940077781677246,2.2940077781677246,9.914593696594238,,6.5533706435519454e-06
296,2.5976946353912354,2.5976946353912354,13.432735443115234,,6.5326476718219165e-06
297,2.232896566390991,2.232896566390991,9.326842308044434,,6.511895601574698e-06
298,2.7243995666503906,2.7243995666503906,15.2472562789917,,6.491114826804607e-06
299,2.8002564907073975,2.8002564907073975,16.448863983154297,,6.470305742050938e-06
300,2.358630895614624,2.358630895614624,10.576461791992188,2.6064703464508057,6.449468742390472e-06
301,2.5126521587371826,2.5126521587371826,12.337608337402344,,6.42860422342998e-06
302,2.0792410373687744,2.0792410373687744,7.998395919799805,,6.407712581298705e-06
303,2.6813862323760986,2.6813862323760986,14.605326652526855,,6.386794212640846e-06
304,2.6152422428131104,2.6152422428131104,13.670527458190918,,6.365849514608025e-06
305,2.8526358604431152,2.8526358604431152,17.333410263061523,,6.344878884851748e-06
306,2.7942724227905273,2.7942724227905273,16.35072898864746,,6.3238827215158575e-06
307,2.5325608253479004,2.5325608253479004,12.585694313049316,,6.302861423228967e-06
308,2.3097660541534424,2.3097660541534424,10.072068214416504,,6.281815389096903e-06
309,2.923330545425415,2.923330545425415,18.6031436920166,,6.260745018695112e-06
310,2.154770851135254,2.154770851135254,8.625913619995117,,6.239650712061093e-06
311,2.75341534614563,2.75341534614563,15.696148872375488,,6.2185328696867866e-06
312,2.626821756362915,2.626821756362915,13.829745292663574,,6.197391892510982e-06
313,2.579361915588379,2.579361915588379,13.188720703125,,6.176228181911699e-06
314,2.5889954566955566,2.5889954566955566,13.316388130187988,,6.155042139698568e-06
315,2.8294379711151123,2.8294379711151123,16.93593978881836,,6.133834168105206e-06
316,2.4227514266967773,2.4227514266967773,11.27684497833252,,6.112604669781572e-06
317,2.7367606163024902,2.7367606163024902,15.436899185180664,,6.091354047786333e-06
318,2.5137033462524414,2.5137033462524414,12.350584030151367,,6.070082705579198e-06
319,2.530758857727051,2.530758857727051,12.56303596496582,,6.048791047013272e-06
320,2.2295455932617188,2.2295455932617188,9.29564094543457,,6.027479476327376e-06
321,2.249136209487915,2.249136209487915,9.479543685913086,,6.006148398138383e-06
322,2.89357590675354,2.89357590675354,18.057767868041992,,5.9847982174335314e-06
323,2.178856611251831,2.178856611251831,8.836196899414062,,5.963429339562731e-06
324,3.127474784851074,3.127474784851074,22.81629180908203,,5.942042170230879e-06
325,2.710141897201538,2.710141897201538,15.03140926361084,,5.920637115490142e-06
326,2.8808398246765137,2.8808398246765137,17.829238891601562,,5.899214581732262e-06
327,2.497089385986328,2.497089385986328,12.147087097167969,,5.877774975680831e-06
328,2.3670156002044678,2.3670156002044678,10.66551399230957,,5.856318704383572e-06
329,2.342529773712158,2.342529773712158,10.40753173828125,,5.834846175204612e-06
330,2.6749048233032227,2.6749048233032227,14.510968208312988,,5.813357795816742e-06
331,2.3780996799468994,2.3780996799468994,10.78438949584961,,5.791853974193688e-06
332,2.245044469833374,2.245044469833374,9.440835952758789,,5.7703351186023575e-06
333,2.635162353515625,2.635162353515625,13.945576667785645,,5.748801637595085e-06
334,2.501326084136963,2.501326084136963,12.198659896850586,,5.727253940001884e-06
335,2.52927827835083,2.52927827835083,12.544448852539062,,5.705692434922684e-06
336,2.9750847816467285,2.9750847816467285,19.591283798217773,,5.684117531719552e-06
337,2.567251443862915,2.567251443862915,13.029961585998535,,5.662529640008933e-06
338,3.0053467750549316,3.0053467750549316,20.193218231201172,,5.640929169653876e-06
339,2.4171736240386963,2.4171736240386963,11.214118957519531,,5.619316530756234e-06
340,2.7966256141662598,2.7966256141662598,16.389249801635742,,5.597692133648894e-06
341,2.2340853214263916,2.2340853214263916,9.337936401367188,,5.576056388887985e-06
342,2.6810522079467773,2.6810522079467773,14.600447654724121,,5.554409707245076e-06
343,2.5872762203216553,2.5872762203216553,13.293513298034668,,5.532752499699381e-06
344,2.634094476699829,2.634094476699829,13.930691719055176,,5.511085177429961e-06
345,2.574770927429199,2.574770927429199,13.128310203552246,,5.489408151807908e-06
346,2.1857542991638184,2.1857542991638184,8.897356986999512,,5.467721834388543e-06
347,2.516331434249878,2.516331434249878,12.383085250854492,,5.446026636903597e-06
348,2.5944573879241943,2.5944573879241943,13.389320373535156,,5.424322971253395e-06
349,2.326143741607666,2.326143741607666,10.238384246826172,,5.402611249499042e-06
350,3.0080947875976562,3.0080947875976562,20.2487850189209,,5.380891883854591e-06
351,2.2810657024383545,2.2810657024383545,9.787104606628418,,5.359165286679218e-06
352,2.4747438430786133,2.4747438430786133,11.878664016723633,,5.337431870469398e-06
353,2.5508224964141846,2.5508224964141846,12.817642211914062,,5.31569204785107e-06
354,2.5714972019195557,2.5714972019195557,13.085400581359863,,5.293946231571806e-06
355,2.436476469039917,2.436476469039917,11.432686805725098,,5.27219483449297e-06
356,2.6562511920928955,2.6562511920928955,14.24279499053955,,5.25043826958188e-06
357,2.6465578079223633,2.6465578079223633,14.105401039123535,,5.228676949903974e-06
358,2.143160104751587,2.143160104751587,8.526339530944824,,5.2069112886149564e-06
359,2.4245071411132812,2.4245071411132812,11.296660423278809,,5.1851416989529705e-06
360,2.542729377746582,2.542729377746582,12.714325904846191,,5.163368594230732e-06
361,2.9458582401275635,2.9458582401275635,19.02698516845703,,5.141592387827701e-06
362,2.5392189025878906,2.5392189025878906,12.669771194458008,,5.119813493182221e-06
363,2.2016775608062744,2.2016775608062744,9.040165901184082,,5.098032323783673e-06
364,2.2138962745666504,2.2138962745666504,9.1513032913208,,5.07624929316463e-06
365,2.6496119499206543,2.6496119499206543,14.148547172546387,,5.054464814893001e-06
366,2.2612926959991455,2.2612926959991455,9.595484733581543,,5.032679302564176e-06
367,2.496323823928833,2.496323823928833,12.137791633605957,,5.010893169793182e-06
368,2.541914701461792,2.541914701461792,12.703972816467285,,4.98910683020682e-06
369,2.247790575027466,2.247790575027466,9.466796875,,4.9673206974358254e-06
370,2.2275640964508057,2.2275640964508057,9.277240753173828,,4.945535185107e-06
371,2.5115764141082764,2.5115764141082764,12.32434368133545,,4.923750706835371e-06
372,2.84674334526062,2.84674334526062,17.2315731048584,,4.901967676216329e-06
373,2.4192938804626465,2.4192938804626465,11.237921714782715,,4.880186506817781e-06
374,2.613766670227051,2.613766670227051,13.650370597839355,,4.8584076121723e-06
375,2.6190907955169678,2.6190907955169678,13.723240852355957,,4.8366314057692684e-06
376,2.698223114013672,2.698223114013672,14.853315353393555,,4.814858301047031e-06
377,2.6988162994384766,2.6988162994384766,14.862129211425781,,4.793088711385044e-06
378,2.574880361557007,2.574880361557007,13.129746437072754,,4.771323050096028e-06
379,2.561385154724121,2.561385154724121,12.953747749328613,,4.749561730418121e-06
380,2.575716257095337,2.575716257095337,13.140726089477539,,4.727805165507032e-06
381,2.3207011222839355,2.3207011222839355,10.18281078338623,,4.706053768428195e-06
382,2.6353750228881836,2.6353750228881836,13.948543548583984,,4.684307952148931e-06
383,2.3825056552886963,2.3825056552886963,10.832010269165039,,4.662568129530603e-06
384,2.727344036102295,2.727344036102295,15.292217254638672,,4.640834713320785e-06
385,2.587052583694458,2.587052583694458,13.290541648864746,,4.619108116145411e-06
386,2.6505916118621826,2.6505916118621826,14.16241455078125,,4.597388750500959e-06
387,2.432943820953369,2.432943820953369,11.392370223999023,,4.575677028746606e-06
388,2.4057981967926025,2.4057981967926025,11.087276458740234,,4.553973363096405e-06
389,2.6271848678588867,2.6271848678588867,13.834769248962402,,4.532278165611459e-06
390,2.455192804336548,2.455192804336548,11.648679733276367,,4.510591848192093e-06
391,2.5005834102630615,2.5005834102630615,12.189603805541992,,4.4889148225700406e-06
392,2.936784267425537,2.936784267425537,18.85511589050293,,4.467247500300621e-06
393,2.8502917289733887,2.8502917289733887,17.29282569885254,,4.445590292754927e-06
394,2.4311442375183105,2.4311442375183105,11.37188720703125,,4.423943611112016e-06
395,2.3022501468658447,2.3022501468658447,9.996651649475098,,4.402307866351107e-06
396,2.6583237648010254,2.6583237648010254,14.272345542907715,,4.380683469243768e-06
397,2.505262851715088,2.505262851715088,12.24677848815918,,4.359070830346126e-06
398,2.5667948722839355,2.5667948722839355,13.024014472961426,,4.337470359991068e-06
399,2.7193164825439453,2.7193164825439453,15.169949531555176,,4.31588246828045e-06
400,2.891296625137329,2.891296625137329,18.01665496826172,2.5143022537231445,4.294307565077318e-06
401,2.78662109375,2.78662109375,16.226099014282227,,4.272746059998117e-06
402,2.365891695022583,2.365891695022583,10.653534889221191,,4.251198362404917e-06
403,2.2583119869232178,2.2583119869232178,9.566926002502441,,4.229664881397645e-06
404,2.290693759918213,2.290693759918213,9.881791114807129,,4.208146025806313e-06
405,2.6884899139404297,2.6884899139404297,14.709446907043457,,4.186642204183259e-06
406,2.835908889770508,2.835908889770508,17.045886993408203,,4.165153824795391e-06
407,2.5094339847564697,2.5094339847564697,12.297967910766602,,4.143681295616429e-06
408,2.1898014545440674,2.1898014545440674,8.933439254760742,,4.122225024319171e-06
409,2.7591214179992676,2.7591214179992676,15.785967826843262,,4.100785418267739e-06
410,2.324467420578003,2.324467420578003,10.221235275268555,,4.0793628845098595e-06
411,2.5541911125183105,2.5541911125183105,12.860893249511719,,4.057957829769123e-06
412,2.147223949432373,2.147223949432373,8.56105899810791,,4.03657066043727e-06
413,2.371659994125366,2.371659994125366,10.715165138244629,,4.015201782566471e-06
414,2.548776865005493,2.548776865005493,12.791448593139648,,3.993851601861618e-06
415,2.630042552947998,2.630042552947998,13.874360084533691,,3.972520523672627e-06
416,2.691025495529175,2.691025495529175,14.746790885925293,,3.951208952986731e-06
417,2.7194461822509766,2.7194461822509766,15.171916961669922,,3.929917294420804e-06
418,2.6640055179595947,2.6640055179595947,14.353668212890625,,3.90864595221367e-06
419,2.284680128097534,2.284680128097534,9.82254409790039,,3.887395330218429e-06
420,2.5567057132720947,2.5567057132720947,12.89327335357666,,3.866165831894796e-06
421,2.4042935371398926,2.4042935371398926,11.07060718536377,,3.844957860301434e-06
422,2.5013248920440674,2.5013248920440674,12.19864559173584,,3.823771818088303e-06
423,2.7064783573150635,2.7064783573150635,14.976441383361816,,3.80260810748902e-06
424,2.7607839107513428,2.7607839107513428,15.812233924865723,,3.781467130313215e-06
425,2.436964273452759,2.436964273452759,11.438264846801758,,3.7603492879389093e-06
426,2.7261881828308105,2.7261881828308105,15.274552345275879,,3.73925498130489e-06
427,2.68778395652771,2.68778395652771,14.699065208435059,,3.7181846109031007e-06
428,2.970907211303711,2.970907211303711,19.509611129760742,,3.6971385767710345e-06
429,2.2992165088653564,2.2992165088653564,9.966370582580566,,3.6761172784841446e-06
430,2.569918155670166,2.569918155670166,13.064754486083984,,3.655121115148254e-06
431,2.203270196914673,2.203270196914673,9.054574966430664,,3.6341504853919778e-06
432,2.191321849822998,2.191321849822998,8.94703197479248,,3.613205787359157e-06
433,2.427797317504883,2.427797317504883,11.333889961242676,,3.5922874187012977e-06
434,1.8963537216186523,1.8963537216186523,6.661560535430908,,3.5713957765700224e-06
435,2.476102352142334,2.476102352142334,11.89481258392334,,3.5505312576095295e-06
436,2.4179275035858154,2.4179275035858154,11.222577095031738,,3.5296942579490645e-06
437,2.458069324493408,2.458069324493408,11.682234764099121,,3.5088851731953956e-06
438,2.4367170333862305,2.4367170333862305,11.435437202453613,,3.488104398425304e-06
439,2.250546455383301,2.250546455383301,9.492921829223633,,3.4673523281780856e-06
440,2.146705150604248,2.146705150604248,8.556618690490723,,3.4466293564480562e-06
441,2.721020460128784,2.721020460128784,15.195820808410645,,3.425935876677077e-06
442,2.4264349937438965,2.4264349937438965,11.318459510803223,,3.4052722817470767e-06
443,2.6395814418792725,2.6395814418792725,14.007340431213379,,3.3846389639726007e-06
444,2.476656675338745,2.476656675338745,11.901408195495605,,3.3640363150933574e-06
445,2.550734281539917,2.550734281539917,12.816511154174805,,3.34346472626678e-06
446,2.3652613162994385,2.3652613162994385,10.646821022033691,,3.3229245880606063e-06
447,3.260634183883667,3.260634183883667,26.066062927246094,,3.3024162904454584e-06
448,2.3915975093841553,2.3915975093841553,10.93094253540039,,3.2819402227874364e-06
449,2.0909934043884277,2.0909934043884277,8.092950820922852,,3.2614967738407332e-06
450,2.3648011684417725,2.3648011684417725,10.641922950744629,,3.2410863317402486e-06
451,2.500309944152832,2.500309944152832,12.186270713806152,,3.220709283994222e-06
452,2.5289907455444336,2.5289907455444336,12.54084300994873,,3.2003660174768746e-06
453,2.497946262359619,2.497946262359619,12.157500267028809,,3.1800569184210627e-06
454,2.6160941123962402,2.6160941123962402,13.682177543640137,,3.15978237241095e-06
455,2.5820741653442383,2.5820741653442383,13.224539756774902,,3.1395427643746802e-06
456,2.5129358768463135,2.5129358768463135,12.341108322143555,,3.1193384785770755e-06
457,2.6754395961761475,2.6754395961761475,14.518731117248535,,3.0991698986123343e-06
458,2.669881582260132,2.669881582260132,14.43825912475586,,3.0790374073967523e-06
459,2.55950665473938,2.55950665473938,12.929436683654785,,3.058941387161456e-06
460,2.596113681793213,2.596113681793213,13.411515235900879,,3.0388822194451385e-06
461,2.7157862186431885,2.7157862186431885,15.116490364074707,,3.0188602850868186e-06
462,2.7598986625671387,2.7598986625671387,15.79824161529541,,2.99887596421861e-06
463,2.282562494277954,2.282562494277954,9.801765441894531,,2.9789296362585084e-06
464,2.5555098056793213,2.5555098056793213,12.877863883972168,,2.9590216799031814e-06
465,2.795442819595337,2.795442819595337,16.369874954223633,,2.939152473120781e-06
466,2.343207836151123,2.343207836151123,10.414591789245605,,2.919322393143772e-06
467,2.3879363536834717,2.3879363536834717,10.890995979309082,,2.8995318164617614e-06
468,2.824770450592041,2.824770450592041,16.857074737548828,,2.8797811188143572e-06
469,2.408874034881592,2.408874034881592,11.121431350708008,,2.860070675184036e-06
470,2.6082231998443604,2.6082231998443604,13.574910163879395,,2.840400859789013e-06
471,2.719468116760254,2.719468116760254,15.172249794006348,,2.8207720460761523e-06
472,2.611536741256714,2.611536741256714,13.619965553283691,,2.8011846067138648e-06
473,2.558145761489868,2.558145761489868,12.911853790283203,,2.7816389135850353e-06
474,2.5128517150878906,2.5128517150878906,12.340070724487305,,2.762135337779969e-06
475,2.700479030609131,2.700479030609131,14.886861801147461,,2.7426742495893343e-06
476,2.3837180137634277,2.3837180137634277,10.845149993896484,,2.7232560184971437e-06
477,2.421647071838379,2.421647071838379,11.264397621154785,,2.7038810131737346e-06
478,2.392988681793213,2.392988681793213,10.946160316467285,,2.684549601468764e-06
479,2.7160184383392334,2.7160184383392334,15.120001792907715,,2.6652621504042366e-06
480,2.5642426013946533,2.5642426013946533,12.990816116333008,,2.6460190261675223e-06
481,2.5802295207977295,2.5802295207977295,13.200167655944824,,2.626820594104418e-06
482,2.479480028152466,2.479480028152466,11.935056686401367,,2.6076672187122043e-06
483,2.890434741973877,2.890434741973877,18.001134872436523,,2.588559263632719e-06
484,2.334972620010376,2.334972620010376,10.329177856445312,,2.5694970916454686e-06
485,2.447183609008789,2.447183609008789,11.555755615234375,,2.550481064660724e-06
486,2.3618969917297363,2.3618969917297363,10.611061096191406,,2.531511543712662e-06
487,2.605741262435913,2.605741262435913,13.541259765625,,2.5125888889525057e-06
488,2.5723650455474854,2.5723650455474854,13.096761703491211,,2.4937134596416823e-06
489,2.6691129207611084,2.6691129207611084,14.427165985107422,,2.4748856141450132e-06
490,2.2994778156280518,2.2994778156280518,9.968975067138672,,2.4561057099238973e-06
491,2.0376782417297363,2.0376782417297363,7.672774314880371,,2.4373741035295357e-06
492,2.451763391494751,2.451763391494751,11.608799934387207,,2.418691150596158e-06
493,2.4978785514831543,2.4978785514831543,12.15667724609375,,2.4000572058342637e-06
494,2.9280428886413574,2.9280428886413574,18.69101333618164,,2.3814726230239006e-06
495,2.423222064971924,2.423222064971924,11.28215217590332,,2.362937755007935e-06
496,2.462047815322876,2.462047815322876,11.728805541992188,,2.3444529536853645e-06
497,2.8584256172180176,2.8584256172180176,17.434057235717773,,2.3260185700046295e-06
498,2.943878173828125,2.943878173828125,18.989347457885742,,2.307634953956948e-06
499,2.0829379558563232,2.0829379558563232,8.028020858764648,,2.2893024545696822e-06
500,2.4755053520202637,2.4755053520202637,11.887713432312012,2.4676148891448975,2.271021419899696e-06
501,2.333686590194702,2.333686590194702,10.315902709960938,,2.2527921970267614e-06
502,2.473926067352295,2.473926067352295,11.8689546585083,,2.234615132046962e-06
503,2.2959635257720947,2.2959635257720947,9.934003829956055,,2.21649057006612e-06
504,2.6185994148254395,2.6185994148254395,13.716499328613281,,2.1984188551932513e-06
505,2.303478240966797,2.303478240966797,10.00893497467041,,2.1804003305340217e-06
506,2.361239194869995,2.361239194869995,10.604084014892578,,2.1624353381842457e-06
507,2.3529839515686035,2.3529839515686035,10.516905784606934,,2.144524219223383e-06
508,2.3786537647247314,2.3786537647247314,10.790367126464844,,2.126667313708062e-06
509,2.5033304691314697,2.5033304691314697,12.223134994506836,,2.1088649606656313e-06
510,2.7595739364624023,2.7595739364624023,15.793112754821777,,2.0911174980877106e-06
511,2.1122419834136963,2.1122419834136963,8.266754150390625,,2.0734252629237892e-06
512,2.309732437133789,2.309732437133789,10.07172966003418,,2.0557885910748177e-06
513,2.589322090148926,2.589322090148926,13.320738792419434,,2.03820781738683e-06
514,2.6384317874908447,2.6384317874908447,13.99124526977539,,2.0206832756445954e-06
515,2.515650749206543,2.515650749206543,12.374658584594727,,2.0032152985652708e-06
516,2.368720054626465,2.368720054626465,10.683709144592285,,1.9858042177920915e-06
517,2.512753963470459,2.512753963470459,12.33886432647705,,1.968450363888073e-06
518,2.744401454925537,2.744401454925537,15.55530071258545,,1.9511540663297284e-06
519,2.4657466411590576,2.4657466411590576,11.772269248962402,,1.933915653500826e-06
520,2.4182610511779785,2.4182610511779785,11.226320266723633,,1.916735452686139e-06
521,2.6527185440063477,2.6527185440063477,14.192569732666016,,1.8996137900652468e-06
522,2.123966693878174,2.123966693878174,8.364250183105469,,1.8825509907063328e-06
523,2.7566769123077393,2.7566769123077393,15.74742603302002,,1.8655473785600125e-06
524,2.9756836891174316,2.9756836891174316,19.6030216217041,,1.8486032764531918e-06
525,2.3180429935455322,2.3180429935455322,10.155779838562012,,1.8317190060829242e-06
526,2.6223108768463135,2.6223108768463135,13.767501831054688,,1.8148948880103174e-06
527,2.2985823154449463,2.2985823154449463,9.960052490234375,,1.7981312416544394e-06
528,2.516533613204956,2.516533613204956,12.385589599609375,,1.7814283852862507e-06
529,2.658219575881958,2.658219575881958,14.270858764648438,,1.764786636022573e-06
530,2.3203463554382324,2.3203463554382324,10.179198265075684,,1.7482063098200547e-06
531,2.4112436771392822,2.4112436771392822,11.14781665802002,,1.7316877214691863e-06
532,2.5846402645111084,2.5846402645111084,13.25851821899414,,1.7152311845883096e-06
533,2.473576307296753,2.473576307296753,11.864803314208984,,1.6988370116176766e-06
534,2.4928956031799316,2.4928956031799316,12.096251487731934,,1.6825055138135105e-06
535,2.545849323272705,2.545849323272705,12.754056930541992,,1.6662370012420931e-06
536,2.261752128601074,2.261752128601074,9.599894523620605,,1.6500317827738887e-06
537,2.2677388191223145,2.2677388191223145,9.657538414001465,,1.6338901660776662e-06
538,2.3156795501708984,2.3156795501708984,10.131805419921875,,1.6178124576146708e-06
539,2.583829879760742,2.583829879760742,13.24777889251709,,1.601798962632799e-06
540,2.4947547912597656,2.4947547912597656,12.11876106262207,,1.5858499851608006e-06
541,2.445450782775879,2.445450782775879,11.535749435424805,,1.5699658280025143e-06
542,2.301159381866455,2.301159381866455,9.985753059387207,,1.5541467927311093e-06
543,2.4586057662963867,2.4586057662963867,11.68850326538086,,1.5383931796833702e-06
544,2.300307035446167,2.300307035446167,9.977245330810547,,1.5227052879539872e-06
545,2.546501398086548,2.546501398086548,12.762374877929688,,1.5070834153898766e-06
546,2.6232125759124756,2.6232125759124756,13.779921531677246,,1.491527858584535e-06
547,2.66838002204895,2.66838002204895,14.416595458984375,,1.4760389128723968e-06
548,2.347956895828247,2.347956895828247,10.464168548583984,,1.460616872323236e-06
549,2.146549940109253,2.146549940109253,8.555291175842285,,1.4452620297365804e-06
550,1.8533132076263428,1.8533132076263428,6.380926132202148,,1.4299746766361477e-06
551,2.28438663482666,2.28438663482666,9.819661140441895,,1.4147551032643192e-06
552,2.1986024379730225,2.1986024379730225,9.012409210205078,,1.3996035985766205e-06
553,2.311840057373047,2.311840057373047,10.092979431152344,,1.3845204502362442e-06
554,2.618196964263916,2.618196964263916,13.710979461669922,,1.369505944608583e-06
555,2.5766966342926025,2.5766966342926025,13.15361499786377,,1.3545603667557911e-06
556,2.323758125305176,2.323758125305176,10.213988304138184,,1.3396840004313789e-06
557,2.044484853744507,2.044484853744507,7.725178241729736,,1.3248771280748174e-06
558,2.0728871822357178,2.0728871822357178,7.947736740112305,,1.310140030806184e-06
559,2.103196620941162,2.103196620941162,8.192316055297852,,1.2954729884208212e-06
560,2.642040967941284,2.642040967941284,14.04183292388916,,1.28087627938402e-06
561,2.4931623935699463,2.4931623935699463,12.099479675292969,,1.2663501808257444e-06
562,2.261936902999878,2.261936902999878,9.601668357849121,,1.251894968535356e-06
563,2.114743947982788,2.114743947982788,8.287463188171387,,1.2375109169563915e-06
564,2.468735933303833,2.468735933303833,11.807512283325195,,1.2231982991813428e-06
565,2.6366593837738037,2.6366593837738037,13.966468811035156,,1.2089573869464738e-06
566,2.5170319080352783,2.5170319080352783,12.391761779785156,,1.1947884506266655e-06
567,2.4124627113342285,2.4124627113342285,11.161415100097656,,1.1806917592302763e-06
568,2.535776138305664,2.535776138305664,12.626227378845215,,1.166667580394041e-06
569,2.113657236099243,2.113657236099243,8.278462409973145,,1.1527161803779868e-06
570,2.246278762817383,2.246278762817383,9.452495574951172,,1.1388378240603742e-06
571,2.3364360332489014,2.3364360332489014,10.344304084777832,,1.1250327749326772e-06
572,2.330474853515625,2.330474853515625,10.28282356262207,,1.1113012950945695e-06
573,2.106647491455078,2.106647491455078,8.220635414123535,,1.0976436452489592e-06
574,2.331761121749878,2.331761121749878,10.296058654785156,,1.0840600846970333e-06
575,2.323935031890869,2.323935031890869,10.215795516967773,,1.0705508713333313e-06
576,2.385843276977539,2.385843276977539,10.868224143981934,,1.0571162616408586e-06
577,2.2417776584625244,2.2417776584625244,9.410043716430664,,1.0437565106862075e-06
578,2.8050601482391357,2.8050601482391357,16.5280704498291,,1.03047187211472e-06
579,2.143918991088867,2.143918991088867,8.532812118530273,,1.0172625981456723e-06
580,2.1591081619262695,2.1591081619262695,8.663408279418945,,1.0041289395674802e-06
581,3.155291795730591,3.155291795730591,23.459880828857422,,9.91071145732948e-07
582,2.995450258255005,2.995450258255005,19.994359970092773,,9.780894645545215e-07
583,2.43595027923584,2.43595027923584,11.42667293548584,,9.651841424995933e-07
584,2.442640781402588,2.442640781402588,11.503379821777344,,9.52355424585818e-07
585,3.036245822906494,3.036245822906494,20.826908111572266,,9.396035543764559e-07
586,2.4046401977539062,2.4046401977539062,11.074445724487305,,9.269287739757604e-07
587,2.2574431896209717,2.2574431896209717,9.558618545532227,,9.143313240243668e-07
588,2.251542568206787,2.251542568206787,9.502382278442383,,9.018114436947373e-07
589,2.2602732181549072,2.2602732181549072,9.585707664489746,,8.893693706866124e-07
590,2.410712242126465,2.410712242126465,11.14189338684082,,8.770053412224972e-07
591,2.3648579120635986,2.3648579120635986,10.642526626586914,,8.647195900431832e-07
592,2.586869239807129,2.586869239807129,13.288105010986328,,8.525123504032817e-07
593,2.202162504196167,2.202162504196167,9.044550895690918,,8.403838540668058e-07
594,2.5333034992218018,2.5333034992218018,12.59504508972168,,8.283343313027654e-07
595,2.2653744220733643,2.2653744220733643,9.63473129272461,,8.163640108807897e-07
596,2.35626220703125,2.35626220703125,10.55143928527832,,8.044731200667966e-07
597,2.5091872215270996,2.5091872215270996,12.294933319091797,,7.926618846186646e-07
598,2.257958173751831,2.257958173751831,9.563542366027832,,7.809305287819557e-07
599,2.7606241703033447,2.7606241703033447,15.809707641601562,,7.692792752856564e-07
600,2.5859217643737793,2.5859217643737793,13.275520324707031,2.4475831985473633,7.577083453379425e-07
601,2.2078232765197754,2.2078232765197754,9.095894813537598,,7.462179586219897e-07
602,2.69307541847229,2.69307541847229,14.77705192565918,,7.348083332917927e-07
603,2.0898139476776123,2.0898139476776123,8.08341121673584,,7.23479685968031e-07
604,2.2733891010284424,2.2733891010284424,9.712260246276855,,7.122322317339542e-07
605,2.539809226989746,2.539809226989746,12.677252769470215,,7.010661841312921e-07
606,2.494296073913574,2.494296073913574,12.113204002380371,,6.899817551562127e-07
607,2.317657709121704,2.317657709121704,10.151867866516113,,6.789791552552838e-07
608,2.3295822143554688,2.3295822143554688,10.273648262023926,,6.680585933214895e-07
609,2.3023269176483154,2.3023269176483154,9.997418403625488,,6.572202766902569e-07
610,2.5738961696624756,2.5738961696624756,13.116830825805664,,6.46464411135519e-07
611,2.668410539627075,2.668410539627075,14.417035102844238,,6.357912008658151e-07
612,2.8841712474823,2.8841712474823,17.888736724853516,,6.252008485204053e-07
613,2.7184360027313232,2.7184360027313232,15.156599044799805,,6.146935551654298e-07
614,2.3033430576324463,2.3033430576324463,10.007582664489746,,6.042695202900855e-07
615,2.3378984928131104,2.3378984928131104,10.359443664550781,,5.939289418028455e-07
616,2.036513090133667,2.036513090133667,7.663839817047119,,5.836720160276971e-07
617,2.3566548824310303,2.3566548824310303,10.555583000183105,,5.734989377004119e-07
618,2.228430986404419,2.228430986404419,9.285285949707031,,5.63409899964858e-07
619,2.6196861267089844,2.6196861267089844,13.731413841247559,,5.534050943693197e-07
620,2.530298948287964,2.530298948287964,12.557259559631348,,5.434847108628749e-07
621,2.3149983882904053,2.3149983882904053,10.124906539916992,,5.336489377917786e-07
622,2.5360093116760254,2.5360093116760254,12.629171371459961,,5.2389796189589e-07
623,2.350651264190674,2.350651264190674,10.492401123046875,,5.1423196830513e-07
624,2.747185230255127,2.747185230255127,15.598664283752441,,5.0465114053596e-07
625,2.260894536972046,2.260894536972046,9.591666221618652,,4.951556604879049e-07
626,2.161457061767578,2.161457061767578,8.683781623840332,,4.857457084400957e-07
627,2.2432405948638916,2.2432405948638916,9.423820495605469,,4.7642146304784475e-07
628,2.727945566177368,2.727945566177368,15.301419258117676,,4.6718310133926084e-07
629,2.0933568477630615,2.0933568477630615,8.112099647521973,,4.5803079871187816e-07
630,2.9941046237945557,2.9941046237945557,19.96747398376465,,4.4896472892933693e-07
631,2.7741267681121826,2.7741267681121826,16.024627685546875,,4.39985064118077e-07
632,2.375692844390869,2.375692844390869,10.758464813232422,,4.310919747640707e-07
633,2.302947759628296,2.302947759628296,10.003626823425293,,4.222856297095912e-07
634,2.4224209785461426,2.4224209785461426,11.27311897277832,,4.135661961499987e-07
635,1.906651496887207,1.906651496887207,6.730514049530029,,4.0493383963057354e-07
636,2.7897958755493164,2.7897958755493164,16.27769660949707,,3.9638872404337057e-07
637,2.3091790676116943,2.3091790676116943,10.066157341003418,,3.8793101162410417e-07
638,2.4442861080169678,2.4442861080169678,11.522321701049805,,3.795608629490738e-07
639,2.7063307762145996,2.7063307762145996,14.974230766296387,,3.712784369321121e-07
640,2.761403799057007,2.761403799057007,15.822038650512695,,3.6308389082156835e-07
641,2.2474167346954346,2.2474167346954346,9.463257789611816,,3.549773801973211e-07
642,2.569401741027832,2.569401741027832,13.05801010131836,,3.469590589678284e-07
643,2.634775400161743,2.634775400161743,13.940181732177734,,3.3902907936720353e-07
644,2.1015195846557617,2.1015195846557617,8.178587913513184,,3.3118759195232273e-07
645,2.243283748626709,2.243283748626709,9.424227714538574,,3.234347455999709e-07
646,2.590937614440918,2.590937614440918,13.342275619506836,,3.157706875040112e-07
647,2.2547590732574463,2.2547590732574463,9.53299617767334,,3.0819556317259304e-07
648,2.1510660648345947,2.1510660648345947,8.594015121459961,,3.0070951642538925e-07
649,2.285407543182373,2.285407543182373,9.829691886901855,,2.9331268939086334e-07
650,2.0890302658081055,2.0890302658081055,8.077078819274902,,2.860052225035742e-07
651,2.605379343032837,2.605379343032837,13.536359786987305,,2.787872545015069e-07
652,2.3029093742370605,2.3029093742370605,10.003243446350098,,2.716589224234406e-07
653,2.1690444946289062,2.1690444946289062,8.749919891357422,,2.646203616063475e-07
654,2.140223741531372,2.140223741531372,8.50133991241455,,2.576717056828193e-07
655,2.4861440658569336,2.4861440658569336,12.01485824584961,,2.5081308657853576e-07
656,2.460073471069336,2.460073471069336,11.705672264099121,,2.4404463450975415e-07
657,2.4687459468841553,2.4687459468841553,11.80763053894043,,2.3736647798084268e-07
658,2.3723580837249756,2.3723580837249756,10.722647666931152,,2.307787437818365e-07
659,2.118936538696289,2.118936538696289,8.322282791137695,,2.2428155698603182e-07
660,2.132707357406616,2.132707357406616,8.437679290771484,,2.1787504094761268e-07
661,2.4029345512390137,2.4029345512390137,11.055572509765625,,2.115593172993058e-07
662,2.3558926582336426,2.3558926582336426,10.547539710998535,,2.05334505950075e-07
663,2.2129549980163574,2.2129549980163574,9.142693519592285,,1.9920072508284204e-07
664,2.304844856262207,2.304844856262207,10.022623062133789,,1.9315809115224348e-07
665,2.772836923599243,2.772836923599243,16.003971099853516,,1.8720671888242058e-07
666,2.2690787315368652,2.2690787315368652,9.670487403869629,,1.81346721264839e-07
667,2.2106008529663086,2.2106008529663086,9.121194839477539,,1.75578209556147e-07
668,2.6467015743255615,2.6467015743255615,14.107429504394531,,1.699012932760602e-07
669,2.3911452293395996,2.3911452293395996,10.925999641418457,,1.6431608020528233e-07
670,2.4386472702026367,2.4386472702026367,11.457531929016113,,1.5882267638346217e-07
671,2.3506906032562256,2.3506906032562256,10.492813110351562,,1.5342118610717438e-07
672,2.5724117755889893,2.5724117755889893,13.09737491607666,,1.4811171192794628e-07
673,2.7014715671539307,2.7014715671539307,14.901644706726074,,1.42894354650307e-07
674,2.4356391429901123,2.4356391429901123,11.423118591308594,,1.3776921332987193e-07
675,2.667685031890869,2.667685031890869,14.406579971313477,,1.3273638527146638e-07
676,2.3325817584991455,2.3325817584991455,10.304511070251465,,1.277959660272743e-07
677,2.366611957550049,2.366611957550049,10.661210060119629,,1.2294804939502746e-07
678,2.3204543590545654,2.3204543590545654,10.180298805236816,,1.1819272741622367e-07
679,2.4144821166992188,2.4144821166992188,11.183977127075195,,1.1353009037437523e-07
680,2.2583167552948,2.2583167552948,9.566971778869629,,1.0896022679330265e-07
681,2.65339994430542,2.65339994430542,14.20224380493164,,1.0448322343544537e-07
682,2.3308143615722656,2.3308143615722656,10.286314964294434,,1.0009916530022256e-07
683,2.5786609649658203,2.5786609649658203,13.179478645324707,,9.580813562241276e-08
684,2.356036901473999,2.356036901473999,10.54906177520752,,9.161021587057728e-08
685,2.61218523979187,2.61218523979187,13.628800392150879,,8.75054857455132e-08
686,2.3558225631713867,2.3558225631713867,10.54680061340332,,8.34940231787379e-08
687,2.262150764465332,2.262150764465332,9.60372257232666,,7.957590433101293e-08
688,2.492243528366089,2.492243528366089,12.088366508483887,,7.575120359089416e-08
689,2.4143829345703125,2.4143829345703125,11.182868003845215,,7.201999357332346e-08
690,2.6480038166046143,2.6480038166046143,14.125812530517578,,6.838234511824748e-08
691,2.5141608715057373,2.5141608715057373,12.35623550415039,,6.483832728927219e-08
692,2.509624719619751,2.509624719619751,12.300313949584961,,6.138800737235384e-08
693,2.32875919342041,2.32875919342041,10.265196800231934,,5.803145087451945e-08
694,2.4934279918670654,2.4934279918670654,12.102693557739258,,5.476872152262558e-08
695,2.302192211151123,2.302192211151123,9.996071815490723,,5.159988126214543e-08
696,2.471975326538086,2.471975326538086,11.84582233428955,,4.852499025599533e-08
697,2.4477758407592773,2.4477758407592773,11.562601089477539,,4.5544106883390614e-08
698,2.242957353591919,2.242957353591919,9.421152114868164,,4.265728773873767e-08
699,2.221583366394043,2.221583366394043,9.22192096710205,,3.986458763056089e-08
700,2.425525665283203,2.425525665283203,11.308172225952148,2.44296932220459,3.716605958046071e-08
701,2.2500340938568115,2.2500340938568115,9.488059043884277,,3.456175482210611e-08
702,2.6212804317474365,2.6212804317474365,13.75332260131836,,3.205172280026536e-08
703,2.332411527633667,2.332411527633667,10.302757263183594,,2.9636011169861812e-08
704,2.179030656814575,2.179030656814575,8.837735176086426,,2.7314665795075135e-08
705,2.65295147895813,2.65295147895813,14.195876121520996,,2.508773074846649e-08
706,2.5172648429870605,2.5172648429870605,12.394648551940918,,2.295524831014251e-08
707,2.7677552700042725,2.7677552700042725,15.922850608825684,,2.0917258966953735e-08
708,2.4464480876922607,2.4464480876922607,11.547259330749512,,1.8973801411724668e-08
709,2.5051538944244385,2.5051538944244385,12.245443344116211,,1.7124912542520468e-08
710,2.4615042209625244,2.4615042209625244,11.722432136535645,,1.537062746194584e-08
711,2.0636000633239746,2.0636000633239746,7.874266624450684,,1.3710979476476705e-08
712,2.4939382076263428,2.4939382076263428,12.108869552612305,,1.2146000095831777e-08
713,2.3667502403259277,2.3667502403259277,10.662684440612793,,1.0675719032370303e-08
714,2.502333641052246,2.502333641052246,12.210956573486328,,9.300164200530815e-09
715,2.4155702590942383,2.4155702590942383,11.19615364074707,,8.019361716299912e-09
716,2.505317211151123,2.505317211151123,12.247444152832031,,6.833335896716531e-09
717,2.4098408222198486,2.4098408222198486,11.13218879699707,,5.7421092594101004e-09
718,2.2161574363708496,2.2161574363708496,9.172019004821777,,4.745702522174211e-09
719,2.0202693939208984,2.0202693939208984,7.540356636047363,,3.844134602570826e-09
720,2.7236409187316895,2.7236409187316895,15.23569393157959,,3.037422617573893e-09
721,2.150540351867676,2.150540351867676,8.589498519897461,,2.3255818832423894e-09
722,2.610578775405884,2.610578775405884,13.606925010681152,,1.7086259144305507e-09
723,2.323105573654175,2.323105573654175,10.207324981689453,,1.1865664245314101e-09
724,2.4745593070983887,2.4745593070983887,11.876471519470215,,7.594133252530888e-10
725,2.159205436706543,2.159205436706543,8.664250373840332,,4.2717472643227785e-10
726,2.1517255306243896,2.1517255306243896,8.599684715270996,,1.8985693587880715e-10
727,2.215998411178589,2.215998411178589,9.170560836791992,,4.746445925740695e-11
728,2.2517218589782715,2.2517218589782715,9.5040864944458,,0.0
