_step,train/loss,train/lm_loss,train/perplexity,val/loss,lr,train/prior_loss
1,8.546483993530273,8.546483993530273,5095.91162109375,,1.4285714285714286e-06,0.20579677820205688
2,8.303338050842285,8.303338050842285,3995.099609375,,2.8571428571428573e-06,0.2102757692337036
3,8.551347732543945,8.551347732543945,5119.66845703125,,4.2857142857142855e-06,0.2100631445646286
4,8.274931907653809,8.274931907653809,3883.014892578125,,5.7142857142857145e-06,0.21130315959453583
5,7.96343469619751,7.96343469619751,2844.064697265625,,7.1428571428571436e-06,0.20890295505523682
6,7.245162487030029,7.245162487030029,1387.49169921875,,8.571428571428571e-06,0.1981929987668991
7,6.078714847564697,6.078714847564697,431.8894348144531,,1e-05,0.21090814471244812
8,6.188404083251953,6.188404083251953,482.1329040527344,,9.999952535540743e-06,0.20369026064872742
9,5.648437023162842,5.648437023162842,281.033935546875,,9.999810143064122e-06,0.1992359608411789
10,5.729215621948242,5.729215621948242,304.6104431152344,,9.999572825273569e-06,0.2036406397819519
11,6.0065598487854,6.0065598487854,402.154052734375,,9.999240586674749e-06,0.1944936215877533
12,5.539492130279541,5.539492130279541,251.92657470703125,,9.99881343357547e-06,0.2070900797843933
13,4.9047980308532715,4.9047980308532715,133.64797973632812,,9.99829137408557e-06,0.19177572429180145
14,5.041301727294922,5.041301727294922,153.20361328125,,9.997674418116759e-06,0.19067494571208954
15,4.427159309387207,4.427159309387207,82.91315460205078,,9.996962577382428e-06,0.18731075525283813
16,4.866713047027588,4.866713047027588,128.64898681640625,,9.99615586539743e-06,0.19250431656837463
17,4.679939270019531,4.679939270019531,106.75928497314453,,9.995254297477827e-06,0.18725863099098206
18,4.5424933433532715,4.5424933433532715,93.0156021118164,,9.99425789074059e-06,0.1945229023694992
19,4.849716663360596,4.849716663360596,126.53675079345703,,9.993166664103283e-06,0.18368159234523773
20,4.37966775894165,4.37966775894165,79.07815551757812,,9.9919806382837e-06,0.18461941182613373
21,4.039175987243652,4.039175987243652,56.27922439575195,,9.99069983579947e-06,0.17700885236263275
22,4.208785533905029,4.208785533905029,66.65306854248047,,9.98932428096763e-06,0.1856912076473236
23,4.4578166007995605,4.4578166007995605,85.5767593383789,,9.987853999904169e-06,0.16805467009544373
24,4.334331035614014,4.334331035614014,75.61148834228516,,9.986289020523525e-06,0.1744546741247177
25,4.281005382537842,4.281005382537842,71.71119689941406,,9.984629372538055e-06,0.16716840863227844
26,4.4843597412109375,4.4843597412109375,87.84400177001953,,9.98287508745748e-06,0.17594242095947266
27,3.976620674133301,3.976620674133301,52.8790168762207,,9.981026198588276e-06,0.1722801923751831
28,4.0683135986328125,4.0683135986328125,57.98008728027344,,9.979082741033047e-06,0.1642765998840332
29,3.5771613121032715,3.5771613121032715,35.46852493286133,,9.977044751689858e-06,0.17031201720237732
30,3.9617667198181152,3.9617667198181152,52.104339599609375,,9.974912269251534e-06,0.17037123441696167
31,3.851356267929077,3.851356267929077,46.64891815185547,,9.972685334204926e-06,0.17413264513015747
32,3.817162036895752,3.817162036895752,45.085269927978516,,9.970363988830138e-06,0.17212897539138794
33,3.7458367347717285,3.7458367347717285,41.98378372192383,,9.967948277199736e-06,0.17106464505195618
34,3.665445327758789,3.665445327758789,38.74982452392578,,9.965438245177895e-06,0.16638457775115967
35,3.552900552749634,3.552900552749634,34.61959457397461,,9.96283394041954e-06,0.16961459815502167
36,3.8575453758239746,3.8575453758239746,46.965003967285156,,9.960135412369441e-06,0.16285556554794312
37,3.8481030464172363,3.8481030464172363,46.525447845458984,,9.957342712261263e-06,0.1620728224515915
38,3.948370933532715,3.948370933532715,51.432373046875,,9.95445589311661e-06,0.16206438839435577
39,3.4254941940307617,3.4254941940307617,30.484785079956055,,9.951475009744006e-06,0.1653282642364502
40,3.5458426475524902,3.5458426475524902,34.38672637939453,,9.948400118737856e-06,0.1634397655725479
41,3.4758148193359375,3.4758148193359375,32.05973434448242,,9.945231278477374e-06,0.16428004205226898
42,3.3917713165283203,3.3917713165283203,29.478178024291992,,9.941968549125481e-06,0.16242004930973053
43,3.4947190284729004,3.4947190284729004,32.68231964111328,,9.938611992627647e-06,0.15769508481025696
44,3.481231451034546,3.481231451034546,32.24419021606445,,9.935161672710728e-06,0.15787111222743988
45,3.4336371421813965,3.4336371421813965,30.745189666748047,,9.931617654881753e-06,0.1580715924501419
46,3.5706522464752197,3.5706522464752197,35.255680084228516,,9.927980006426677e-06,0.16051475703716278
47,3.617323875427246,3.617323875427246,36.94599533081055,,9.924248796409107e-06,0.1573341339826584
48,3.2815685272216797,3.2815685272216797,26.408634185791016,,9.920424095668988e-06,0.15755179524421692
49,3.4370522499084473,3.4370522499084473,30.861286163330078,,9.916505976821262e-06,0.1509956419467926
50,3.470938205718994,3.470938205718994,31.92233657836914,,9.912494514254487e-06,0.1526445746421814
51,3.584994077682495,3.584994077682495,35.76290512084961,,9.908389784129424e-06,0.16165965795516968
52,3.7077414989471436,3.7077414989471436,40.458255767822266,,9.904191864377588e-06,0.14941591024398804
53,3.0830252170562744,3.0830252170562744,21.664003372192383,,9.899900834699778e-06,0.1474611461162567
54,3.572244882583618,3.572244882583618,35.338260650634766,,9.895516776564555e-06,0.14557363092899323
55,3.1377503871917725,3.1377503871917725,22.879093170166016,,9.891039773206698e-06,0.1505393087863922
56,3.1414542198181152,3.1414542198181152,22.96920394897461,,9.886469909625624e-06,0.14599747955799103
57,3.1688451766967773,3.1688451766967773,23.60336685180664,,9.881807272583776e-06,0.14911465346813202
58,3.6163201332092285,3.6163201332092285,36.9315185546875,,9.877051950604972e-06,0.1450948566198349
59,3.398392915725708,3.398392915725708,29.685710906982422,,9.872204033972727e-06,0.154544860124588
60,3.5260300636291504,3.5260300636291504,33.74589920043945,,9.867263614728535e-06,0.14342254400253296
61,3.387078285217285,3.387078285217285,29.378185272216797,,9.862230786670129e-06,0.1365179419517517
62,3.1310784816741943,3.1310784816741943,22.734758377075195,,9.857105645349694e-06,0.14367154240608215
63,3.053694009780884,3.053694009780884,21.04786491394043,,9.851888288072053e-06,0.13789649307727814
64,2.9780547618865967,2.9780547618865967,19.514169692993164,,9.846578813892827e-06,0.13827812671661377
65,3.337045669555664,3.337045669555664,27.929603576660156,,9.841177323616539e-06,0.14716944098472595
66,3.0464248657226562,3.0464248657226562,20.888591766357422,,9.835683919794719e-06,0.14443209767341614
67,3.078544855117798,3.078544855117798,21.573604583740234,,9.83009870672394e-06,0.14148926734924316
68,3.305541753768921,3.305541753768921,27.070497512817383,,9.824421790443855e-06,0.1419457495212555
69,3.162651777267456,3.162651777267456,23.47159194946289,,9.818653278735163e-06,0.1372184306383133
70,3.3868181705474854,3.3868181705474854,29.356914520263672,,9.81279328111758e-06,0.1458025574684143
71,3.733081340789795,3.733081340789795,41.52313995361328,,9.806841908847758e-06,0.13661028444766998
72,3.250969886779785,3.250969886779785,25.636066436767578,,9.800799274917159e-06,0.13939538598060608
73,3.09503173828125,3.09503173828125,21.937969207763672,,9.794665494049926e-06,0.13625723123550415
74,3.331995725631714,3.331995725631714,27.798051834106445,,9.788440682700695e-06,0.14059633016586304
75,3.3035647869110107,3.3035647869110107,27.025009155273438,,9.782124959052388e-06,0.13604110479354858
76,3.2251522541046143,3.2251522541046143,24.98257827758789,,9.775718443013969e-06,0.1394702047109604
77,2.9503543376922607,2.9503543376922607,18.98735237121582,,9.769221256218165e-06,0.13162574172019958
78,3.0006396770477295,3.0006396770477295,19.965587615966797,,9.762633522019159e-06,0.13259030878543854
79,3.347628355026245,3.347628355026245,28.249881744384766,,9.755955365490246e-06,0.13078217208385468
80,3.017834424972534,3.017834424972534,20.30963706970215,,9.749186913421465e-06,0.13477680087089539
81,3.4858975410461426,3.4858975410461426,32.441932678222656,,9.742328294317181e-06,0.12891358137130737
82,3.1099696159362793,3.1099696159362793,22.26968002319336,,9.735379638393654e-06,0.13486790657043457
83,3.077134132385254,3.077134132385254,21.557659149169922,,9.72834107757656e-06,0.1280602514743805
84,3.5179595947265625,3.5179595947265625,33.47510528564453,,9.721212745498493e-06,0.14315147697925568
85,3.2170937061309814,3.2170937061309814,24.792512893676758,,9.713994777496427e-06,0.13103823363780975
86,3.1171324253082275,3.1171324253082275,22.426361083984375,,9.706687310609137e-06,0.13790518045425415
87,3.4440550804138184,3.4440550804138184,31.1043701171875,,9.699290483574611e-06,0.1341337412595749
88,3.46138334274292,3.46138334274292,31.645843505859375,,9.691804436827409e-06,0.1355322003364563
89,3.13759446144104,3.13759446144104,22.903106689453125,,9.68422931249599e-06,0.12643690407276154
90,3.02227520942688,3.02227520942688,20.40306854248047,,9.67656525440003e-06,0.13179823756217957
91,2.8193397521972656,2.8193397521972656,16.654966354370117,,9.66881240804768e-06,0.13262781500816345
92,2.827146530151367,2.827146530151367,16.790050506591797,,9.660970920632798e-06,0.127200648188591
93,2.9083898067474365,2.9083898067474365,18.210811614990234,,9.653040941032173e-06,0.12748734652996063
94,3.0897305011749268,3.0897305011749268,21.825267791748047,,9.64502261980268e-06,0.13324324786663055
95,3.436065673828125,3.436065673828125,30.855253219604492,,9.636916109178433e-06,0.1351747214794159
96,2.845573663711548,2.845573663711548,17.09991455078125,,9.628721563067888e-06,0.13000641763210297
97,3.1842970848083496,3.1842970848083496,23.992586135864258,,9.620439137050927e-06,0.13104358315467834
98,3.2463343143463135,3.2463343143463135,25.530235290527344,,9.612068988375898e-06,0.12941661477088928
99,3.3868825435638428,3.3868825435638428,29.376718521118164,,9.603611275956632e-06,0.133601576089859
100,2.7078850269317627,2.7078850269317627,14.89997386932373,2.9939093589782715,9.595066160369428e-06,0.13051068782806396
101,2.7922587394714355,2.7922587394714355,16.212120056152344,,9.586433803850002e-06,0.12998931109905243
102,2.9473459720611572,2.9473459720611572,18.93259048461914,,9.57771437029041e-06,0.1292210817337036
103,2.9522783756256104,2.9522783756256104,19.028955459594727,,9.56890802523593e-06,0.12633109092712402
104,2.8261494636535645,2.8261494636535645,16.772714614868164,,9.560014935881924e-06,0.12791995704174042
105,3.0223288536071777,3.0223288536071777,20.408201217651367,,9.551035271070665e-06,0.1278405785560608
106,2.8561456203460693,2.8561456203460693,17.28611183166504,,9.541969201288123e-06,0.12484493106603622
107,3.0183827877044678,3.0183827877044678,20.32236099243164,,9.532816898660742e-06,0.13321739435195923
108,2.7819018363952637,2.7819018363952637,16.04580307006836,,9.523578536952155e-06,0.12908780574798584
109,3.1303112506866455,3.1303112506866455,22.72994613647461,,9.514254291559905e-06,0.13255877792835236
110,3.035413980484009,3.035413980484009,20.672653198242188,,9.504844339512096e-06,0.1320454329252243
111,2.809100389480591,2.809100389480591,16.49241065979004,,9.495348859464042e-06,0.12400369346141815
112,2.9575345516204834,2.9575345516204834,19.130704879760742,,9.485768031694872e-06,0.12479960918426514
113,3.0671420097351074,3.0671420097351074,21.34687042236328,,9.476102038104112e-06,0.1247369796037674
114,2.7058053016662598,2.7058053016662598,14.876220703125,,9.466351062208223e-06,0.12082463502883911
115,3.0975351333618164,3.0975351333618164,22.008821487426758,,9.456515289137127e-06,0.12183769047260284
116,3.0428099632263184,3.0428099632263184,20.837324142456055,,9.446594905630682e-06,0.12128414958715439
117,2.8153016567230225,2.8153016567230225,16.58893394470215,,9.436590100035145e-06,0.1313142031431198
118,2.938885450363159,2.938885450363159,18.779712677001953,,9.42650106229959e-06,0.12216466665267944
119,2.7271077632904053,2.7271077632904053,15.194421768188477,,9.416327983972304e-06,0.12358438968658447
120,3.24629807472229,3.24629807472229,25.530221939086914,,9.406071058197154e-06,0.1287013590335846
121,2.822364568710327,2.822364568710327,16.713191986083984,,9.395730479709916e-06,0.12332631647586823
122,2.5444438457489014,2.5444438457489014,12.659353256225586,,9.385306444834573e-06,0.12095090001821518
123,3.350827932357788,3.350827932357788,28.349143981933594,,9.374799151479597e-06,0.1246197372674942
124,3.0850865840911865,3.0850865840911865,21.73520278930664,,9.364208799134187e-06,0.12306730449199677
125,2.7375917434692383,2.7375917434692383,15.355874061584473,,9.353535588864481e-06,0.12187453359365463
126,3.0602128505706787,3.0602128505706787,21.207996368408203,,9.342779723309746e-06,0.1166921854019165
127,2.814509391784668,2.814509391784668,16.58518409729004,,9.33194140667851e-06,0.11999200284481049
128,3.296410083770752,3.296410083770752,26.85097885131836,,9.321020844744717e-06,0.12215550243854523
129,2.6823039054870605,2.6823039054870605,14.534673690795898,,9.310018244843789e-06,0.1153356060385704
130,3.1941869258880615,3.1941869258880615,24.236799240112305,,9.29893381586871e-06,0.12629418075084686
131,2.6156845092773438,2.6156845092773438,13.594635009765625,,9.287767768266046e-06,0.12018600106239319
132,2.9793496131896973,2.9793496131896973,19.56002426147461,,9.27652031403197e-06,0.11723335832357407
133,2.535932779312134,2.535932779312134,12.55449104309082,,9.26519166670821e-06,0.11708614230155945
134,2.855027914047241,2.855027914047241,17.269521713256836,,9.253782041378012e-06,0.12169156968593597
135,2.7102010250091553,2.7102010250091553,14.944677352905273,,9.24229165466206e-06,0.11691348254680634
136,2.6369636058807373,2.6369636058807373,13.889731407165527,,9.230720724714345e-06,0.11627499759197235
137,2.7983169555664062,2.7983169555664062,16.32127571105957,,9.219069471218045e-06,0.11694759130477905
138,2.9112653732299805,2.9112653732299805,18.265148162841797,,9.207338115381337e-06,0.12541192770004272
139,2.792820692062378,2.792820692062378,16.23343276977539,,9.195526879933206e-06,0.1149541437625885
140,2.955078363418579,2.955078363418579,19.08595848083496,,9.183635989119211e-06,0.12251125276088715
141,2.19399094581604,2.19399094581604,8.917749404907227,,9.171665668697236e-06,0.11894633620977402
142,2.343369245529175,2.343369245529175,10.352665901184082,,9.159616145933194e-06,0.12250590324401855
143,2.611851930618286,2.611851930618286,13.5474853515625,,9.14748764959672e-06,0.11302187293767929
144,3.23693585395813,3.23693585395813,25.307016372680664,,9.135280409956819e-06,0.11708401143550873
145,2.836759328842163,2.836759328842163,16.959779739379883,,9.122994658777504e-06,0.11829167604446411
146,2.995976448059082,2.995976448059082,19.884733200073242,,9.110630629313388e-06,0.12048092484474182
147,2.6771366596221924,2.6771366596221924,14.46088981628418,,9.098188556305262e-06,0.11377887427806854
148,2.7979414463043213,2.7979414463043213,16.31509017944336,,9.085668675975634e-06,0.11701846122741699
149,2.9037375450134277,2.9037375450134277,18.137197494506836,,9.073071226024242e-06,0.11544954776763916
150,2.956277847290039,2.956277847290039,19.11220932006836,,9.060396445623545e-06,0.11901131272315979
151,2.485745429992676,2.485745429992676,11.94315242767334,,9.047644575414184e-06,0.11174656450748444
152,2.9670419692993164,2.9670419692993164,19.317970275878906,,9.034815857500407e-06,0.12012527883052826
153,3.1516849994659424,3.1516849994659424,23.2431697845459,,9.021910535445479e-06,0.1134713813662529
154,3.2915780544281006,3.2915780544281006,26.728836059570312,,9.008928854267054e-06,0.11670029163360596
155,2.7152822017669678,2.7152822017669678,15.019909858703613,,8.99587106043252e-06,0.11811363697052002
156,2.9075894355773926,2.9075894355773926,18.206817626953125,,8.982737401854328e-06,0.11586572229862213
157,2.8135452270507812,2.8135452270507812,16.569679260253906,,8.969528127885281e-06,0.11941339075565338
158,2.6078648567199707,2.6078648567199707,13.494842529296875,,8.956243489313795e-06,0.11114825308322906
159,3.058037519454956,3.058037519454956,21.163076400756836,,8.942883738359142e-06,0.11558826267719269
160,2.7401726245880127,2.7401726245880127,15.404570579528809,,8.92944912866667e-06,0.11016832292079926
161,2.8990373611450195,2.8990373611450195,18.05057144165039,,8.91593991530297e-06,0.11720385402441025
162,2.6726443767547607,2.6726443767547607,14.399101257324219,,8.902356354751042e-06,0.10957080125808716
163,2.4799206256866455,2.4799206256866455,11.872627258300781,,8.888698704905431e-06,0.1137029230594635
164,2.9321365356445312,2.9321365356445312,18.6558837890625,,8.874967225067325e-06,0.11950041353702545
165,2.9882917404174805,2.9882917404174805,19.73895263671875,,8.861162175939626e-06,0.11395333707332611
166,2.5755279064178467,2.5755279064178467,13.063592910766602,,8.847283819622015e-06,0.11397546529769897
167,2.6098995208740234,2.6098995208740234,13.524755477905273,,8.83333241960596e-06,0.10755395144224167
168,3.0087528228759766,3.0087528228759766,20.151016235351562,,8.819308240769726e-06,0.10996225476264954
169,2.885709285736084,2.885709285736084,17.822486877441406,,8.805211549373335e-06,0.10496816039085388
170,2.6755878925323486,2.6755878925323486,14.440713882446289,,8.791042613053527e-06,0.11072587966918945
171,2.7926719188690186,2.7926719188690186,16.233444213867188,,8.776801700818658e-06,0.11196660995483398
172,2.9412219524383545,2.9412219524383545,18.82999038696289,,8.76248908304361e-06,0.1154208779335022
173,2.5218493938446045,2.5218493938446045,12.380537986755371,,8.748105031464644e-06,0.11447219550609589
174,2.9117040634155273,2.9117040634155273,18.281585693359375,,8.733649819174257e-06,0.1161944791674614
175,3.16754150390625,3.16754150390625,23.615947723388672,,8.71912372061598e-06,0.11238740384578705
176,2.8599836826324463,2.8599836826324463,17.365459442138672,,8.704527011579181e-06,0.11000984162092209
177,2.5306825637817383,2.5306825637817383,12.496978759765625,,8.689859969193817e-06,0.1039125844836235
178,2.71004581451416,2.71004581451416,14.944047927856445,,8.675122871925183e-06,0.1146545559167862
179,2.555023431777954,2.555023431777954,12.800857543945312,,8.660315999568623e-06,0.11022698879241943
180,2.8562872409820557,2.8562872409820557,17.302490234375,,8.64543963324421e-06,0.10873924195766449
181,2.5380265712738037,2.5380265712738037,12.584155082702637,,8.630494055391418e-06,0.1117597222328186
182,2.3972060680389404,2.3972060680389404,10.927578926086426,,8.615479549763756e-06,0.11832721531391144
183,2.6862409114837646,2.6862409114837646,14.593567848205566,,8.600396401423382e-06,0.11320262402296066
184,2.5633726119995117,2.5633726119995117,12.908501625061035,,8.585244896735683e-06,0.10972922295331955
185,3.0735981464385986,3.0735981464385986,21.498449325561523,,8.570025323363853e-06,0.1123492568731308
186,2.475368022918701,2.475368022918701,11.820291519165039,,8.55473797026342e-06,0.11100666224956512
187,2.6554765701293945,2.6554765701293945,14.158305168151855,,8.539383127676764e-06,0.10350030660629272
188,2.439073324203491,2.439073324203491,11.400897026062012,,8.523961087127605e-06,0.10762830823659897
189,2.7246346473693848,2.7246346473693848,15.171182632446289,,8.508472141415468e-06,0.1047392413020134
190,3.0572779178619385,3.0572779178619385,21.151737213134766,,8.492916584610124e-06,0.11111794412136078
191,2.7092857360839844,2.7092857360839844,14.933362007141113,,8.477294712046015e-06,0.11375866830348969
192,2.3860936164855957,2.3860936164855957,10.814218521118164,,8.46160682031663e-06,0.10463779419660568
193,2.860171318054199,2.860171318054199,17.361629486083984,,8.44585320726889e-06,0.1181742399930954
194,2.9155614376068115,2.9155614376068115,18.356279373168945,,8.430034171997487e-06,0.11179488897323608
195,3.1243512630462646,3.1243512630462646,22.62489128112793,,8.4141500148392e-06,0.10600975155830383
196,2.954326629638672,2.954326629638672,19.078296661376953,,8.398201037367202e-06,0.11550646275281906
197,2.818983554840088,2.818983554840088,16.664199829101562,,8.382187542385329e-06,0.11441878974437714
198,2.603994846343994,2.603994846343994,13.44434642791748,,8.366109833922335e-06,0.10872487723827362
199,2.564044952392578,2.564044952392578,12.915812492370605,,8.349968217226114e-06,0.11185163259506226
200,2.8448405265808105,2.8448405265808105,17.103792190551758,2.6674511432647705,8.333762998757908e-06,0.11080662906169891
201,2.516765832901001,2.516765832901001,12.321343421936035,,8.31749448618649e-06,0.10865750163793564
202,2.483160972595215,2.483160972595215,11.917837142944336,,8.301162988382325e-06,0.10249759256839752
203,2.7544732093811035,2.7544732093811035,15.626564979553223,,8.284768815411693e-06,0.11001783609390259
204,2.8733713626861572,2.8733713626861572,17.599199295043945,,8.268312278530816e-06,0.11035698652267456
205,2.3725924491882324,2.3725924491882324,10.669405937194824,,8.251793690179947e-06,0.1042395532131195
206,2.681044340133667,2.681044340133667,14.522120475769043,,8.23521336397743e-06,0.10742433369159698
207,2.585702896118164,2.585702896118164,13.200671195983887,,8.21857161471375e-06,0.1087028905749321
208,2.43343448638916,2.43343448638916,11.335238456726074,,8.201868758345561e-06,0.11036622524261475
209,2.2171082496643066,2.2171082496643066,9.135544776916504,,8.185105111989683e-06,0.09871099889278412
210,2.288792848587036,2.288792848587036,9.813281059265137,,8.168280993917078e-06,0.10112492740154266
211,2.3601109981536865,2.3601109981536865,10.535883903503418,,8.15139672354681e-06,0.10648064315319061
212,2.659907341003418,2.659907341003418,14.214588165283203,,8.134452621439988e-06,0.11277180910110474
213,2.691368579864502,2.691368579864502,14.673246383666992,,8.117449009293668e-06,0.10685403645038605
214,2.6612915992736816,2.6612915992736816,14.23974609375,,8.100386209934754e-06,0.10508984327316284
215,1.9697867631912231,1.9697867631912231,7.133725166320801,,8.083264547313863e-06,0.09906625002622604
216,2.9772837162017822,2.9772837162017822,19.525882720947266,,8.066084346499176e-06,0.11085306107997894
217,2.705496072769165,2.705496072769165,14.882233619689941,,8.048845933670274e-06,0.10655719041824341
218,2.5143847465515137,2.5143847465515137,12.293180465698242,,8.031549636111928e-06,0.10680033266544342
219,2.383430004119873,2.383430004119873,10.783994674682617,,8.01419578220791e-06,0.10734178870916367
220,2.925971746444702,2.925971746444702,18.5478458404541,,7.99678470143473e-06,0.11236368864774704
221,2.6235620975494385,2.6235620975494385,13.708826065063477,,7.979316724355406e-06,0.11044521629810333
222,2.917832851409912,2.917832851409912,18.397363662719727,,7.96179218261317e-06,0.11251192539930344
223,2.521313190460205,2.521313190460205,12.38078784942627,,7.944211408925184e-06,0.10334597527980804
224,2.715362548828125,2.715362548828125,15.026789665222168,,7.92657473707621e-06,0.11055813729763031
225,2.6773593425750732,2.6773593425750732,14.47157096862793,,7.908882501912289e-06,0.10346327722072601
226,2.5484619140625,2.5484619140625,12.719598770141602,,7.89113503933437e-06,0.10635881870985031
227,2.6007626056671143,2.6007626056671143,13.400457382202148,,7.873332686291939e-06,0.10947743058204651
228,2.487283945083618,2.487283945083618,11.969254493713379,,7.855475780776618e-06,0.09885422885417938
229,2.8497161865234375,2.8497161865234375,17.193103790283203,,7.837564661815755e-06,0.10415475815534592
230,2.4985337257385254,2.4985337257385254,12.101284980773926,,7.819599669465979e-06,0.10444387793540955
231,2.655282735824585,2.655282735824585,14.155113220214844,,7.801581144806752e-06,0.10413616895675659
232,2.2839467525482178,2.2839467525482178,9.763816833496094,,7.78350942993388e-06,0.10526695847511292
233,2.603931427001953,2.603931427001953,13.442153930664062,,7.765384867953038e-06,0.1107182726264
234,2.3971028327941895,2.3971028327941895,10.935515403747559,,7.74720780297324e-06,0.10174466669559479
235,2.492687940597534,2.492687940597534,12.0300931930542,,7.728978580100304e-06,0.10553379356861115
236,2.4177331924438477,2.4177331924438477,11.163557052612305,,7.71069754543032e-06,0.10157155245542526
237,2.6450257301330566,2.6450257301330566,14.007476806640625,,7.692365046043053e-06,0.1086922138929367
238,2.9557552337646484,2.9557552337646484,19.118244171142578,,7.673981429995372e-06,0.10224436223506927
239,2.6007046699523926,2.6007046699523926,13.399750709533691,,7.655547046314635e-06,0.10937145352363586
240,2.421600341796875,2.421600341796875,11.205371856689453,,7.637062244992065e-06,0.10414311289787292
241,2.768139123916626,2.768139123916626,15.850223541259766,,7.6185273769761015e-06,0.09910905361175537
242,2.6630091667175293,2.6630091667175293,14.266773223876953,,7.599942794165738e-06,0.10152003169059753
243,2.704906702041626,2.704906702041626,14.873238563537598,,7.581308849403843e-06,0.10686375945806503
244,2.3151299953460693,2.3151299953460693,10.074275016784668,,7.5626258964704634e-06,0.1028982549905777
245,2.636852502822876,2.636852502822876,13.892254829406738,,7.5438942900761035e-06,0.11042323708534241
246,2.7717559337615967,2.7717559337615967,15.905060768127441,,7.525114385854988e-06,0.10237325727939606
247,2.3754360675811768,2.3754360675811768,10.69835090637207,,7.506286540358318e-06,0.10692983120679855
248,2.4182114601135254,2.4182114601135254,11.169960021972656,,7.4874111110474955e-06,0.09966706484556198
249,2.526231288909912,2.526231288909912,12.438528060913086,,7.4684884562873375e-06,0.10865189135074615
250,2.662879467010498,2.662879467010498,14.26603889465332,,7.449518935339276e-06,0.09995371103286743
251,2.8806142807006836,2.8806142807006836,17.73388671875,,7.430502908354532e-06,0.1027393490076065
252,2.1961913108825684,2.1961913108825684,8.94530200958252,,7.411440736367281e-06,0.10125463455915451
253,2.677428960800171,2.677428960800171,14.465535163879395,,7.392332781287798e-06,0.11320074647665024
254,2.3179564476013184,2.3179564476013184,10.101029396057129,,7.373179405895582e-06,0.10638429969549179
255,2.9462366104125977,2.9462366104125977,18.933462142944336,,7.353980973832479e-06,0.10611303895711899
256,3.079458713531494,3.079458713531494,21.624895095825195,,7.3347378495957655e-06,0.11227192729711533
257,2.4789352416992188,2.4789352416992188,11.867814064025879,,7.3154503985312366e-06,0.10210495442152023
258,2.416769027709961,2.416769027709961,11.150315284729004,,7.296118986826266e-06,0.10602466762065887
259,2.6076090335845947,2.6076090335845947,13.501105308532715,,7.276743981502856e-06,0.09675142168998718
260,2.399803638458252,2.399803638458252,10.963935852050781,,7.2573257504106665e-06,0.10384555906057358
261,2.5352561473846436,2.5352561473846436,12.551543235778809,,7.237864662220032e-06,0.10825129598379135
262,2.3601696491241455,2.3601696491241455,10.53781509399414,,7.2183610864149655e-06,0.10398976504802704
263,2.6149063110351562,2.6149063110351562,13.59736156463623,,7.198815393286136e-06,0.1006130576133728
264,2.4193389415740967,2.4193389415740967,11.183411598205566,,7.179227953923848e-06,0.0981457456946373
265,2.86694598197937,2.86694598197937,17.489395141601562,,7.1595991402109865e-06,0.1070239469408989
266,2.3777530193328857,2.3777530193328857,10.72681999206543,,7.139929324815965e-06,0.10011738538742065
267,2.6615209579467773,2.6615209579467773,14.243274688720703,,7.120218881185644e-06,0.10472303628921509
268,2.4445114135742188,2.4445114135742188,11.467864990234375,,7.100468183538241e-06,0.09925168007612228
269,2.696852445602417,2.696852445602417,14.753732681274414,,7.08067760685623e-06,0.10712666809558868
270,2.598850727081299,2.598850727081299,13.376595497131348,,7.0608475268792186e-06,0.10688097774982452
271,2.7382612228393555,2.7382612228393555,15.379325866699219,,7.040978320096819e-06,0.10474003851413727
272,2.557062864303589,2.557062864303589,12.832298278808594,,7.021070363741492e-06,0.10195320099592209
273,2.4920005798339844,2.4920005798339844,12.022910118103027,,7.00112403578139e-06,0.10373350232839584
274,2.632633924484253,2.632633924484253,13.838454246520996,,6.9811397149131835e-06,0.10365533828735352
275,2.403961658477783,2.403961658477783,11.009020805358887,,6.961117780554862e-06,0.10493256896734238
276,2.371474504470825,2.371474504470825,10.65565013885498,,6.941058612838544e-06,0.10768648236989975
277,2.3184990882873535,2.3184990882873535,10.108256340026855,,6.9209625926032485e-06,0.10293084383010864
278,2.436570882797241,2.436570882797241,11.371675491333008,,6.900830101387667e-06,0.10890305042266846
279,2.436866521835327,2.436866521835327,11.381006240844727,,6.8806615214229275e-06,0.0984138771891594
280,2.457108974456787,2.457108974456787,11.610410690307617,,6.860457235625322e-06,0.1041363999247551
281,2.472564220428467,2.472564220428467,11.79057502746582,,6.840217627589052e-06,0.10527553409337997
282,2.7784457206726074,2.7784457206726074,16.010719299316406,,6.819943081578939e-06,0.1037452444434166
283,2.678339958190918,2.678339958190918,14.487085342407227,,6.799633982523128e-06,0.1016465425491333
284,2.528085947036743,2.528085947036743,12.46606731414795,,6.7792907160057796e-06,0.10151340812444687
285,2.6995105743408203,2.6995105743408203,14.793990135192871,,6.758913668259753e-06,0.10579000413417816
286,2.633336067199707,2.633336067199707,13.850581169128418,,6.738503226159269e-06,0.10017827153205872
287,2.4556992053985596,2.4556992053985596,11.591980934143066,,6.7180597772125665e-06,0.10771271586418152
288,2.4482593536376953,2.4482593536376953,11.50765323638916,,6.697583709554545e-06,0.10494235157966614
289,2.539095640182495,2.539095640182495,12.603702545166016,,6.677075411939396e-06,0.10210125893354416
290,2.4967055320739746,2.4967055320739746,12.078311920166016,,6.656535273733222e-06,0.10587957501411438
291,2.5860185623168945,2.5860185623168945,13.210715293884277,,6.635963684906646e-06,0.09980906546115875
292,2.686964511871338,2.686964511871338,14.615580558776855,,6.6153610360274014e-06,0.0975283607840538
293,2.802722930908203,2.802722930908203,16.401269912719727,,6.594727718252925e-06,0.10728472471237183
294,2.6612534523010254,2.6612534523010254,14.234505653381348,,6.574064123322925e-06,0.11168967932462692
295,2.3816165924072266,2.3816165924072266,10.766921997070312,,6.5533706435519454e-06,0.10275898873806
296,2.4843928813934326,2.4843928813934326,11.929327964782715,,6.5326476718219165e-06,0.10785920917987823
297,2.4235658645629883,2.4235658645629883,11.229779243469238,,6.511895601574698e-06,0.09993414580821991
298,2.5875701904296875,2.5875701904296875,13.226759910583496,,6.491114826804607e-06,0.10656385123729706
299,2.3530211448669434,2.3530211448669434,10.462666511535645,,6.470305742050938e-06,0.10415630787611008
300,2.6103484630584717,2.6103484630584717,13.528986930847168,2.5203168392181396,6.449468742390472e-06,0.11027651280164719
301,2.786872386932373,2.786872386932373,16.147645950317383,,6.42860422342998e-06,0.10196328163146973
302,2.664893627166748,2.664893627166748,14.290667533874512,,6.407712581298705e-06,0.10573860257863998
303,2.55159330368042,2.55159330368042,12.760759353637695,,6.386794212640846e-06,0.1043701022863388
304,2.4666171073913574,2.4666171073913574,11.722387313842773,,6.365849514608025e-06,0.10233404487371445
305,2.554394245147705,2.554394245147705,12.794136047363281,,6.344878884851748e-06,0.10814681649208069
306,2.440432548522949,2.440432548522949,11.42186450958252,,6.3238827215158575e-06,0.09806191176176071
307,2.6477949619293213,2.6477949619293213,14.049418449401855,,6.302861423228967e-06,0.10427828133106232
308,2.4210355281829834,2.4210355281829834,11.19876480102539,,6.281815389096903e-06,0.10464184731245041
309,2.5364129543304443,2.5364129543304443,12.568587303161621,,6.260745018695112e-06,0.10424607992172241
310,2.4891936779022217,2.4891936779022217,11.992531776428223,,6.239650712061093e-06,0.0981924757361412
311,2.532289981842041,2.532289981842041,12.52157211303711,,6.2185328696867866e-06,0.09674175083637238
312,2.1453301906585693,2.1453301906585693,8.504934310913086,,6.197391892510982e-06,0.09367251396179199
313,2.3233439922332764,2.3233439922332764,10.159690856933594,,6.176228181911699e-06,0.09832099080085754
314,2.4620866775512695,2.4620866775512695,11.670075416564941,,6.155042139698568e-06,0.10117638111114502
315,2.7202389240264893,2.7202389240264893,15.10428524017334,,6.133834168105206e-06,0.10521051287651062
316,2.5532748699188232,2.5532748699188232,12.786130905151367,,6.112604669781572e-06,0.09827666729688644
317,2.419826030731201,2.419826030731201,11.189970016479492,,6.091354047786333e-06,0.09616180509328842
318,2.4333503246307373,2.4333503246307373,11.33841609954834,,6.070082705579198e-06,0.10307377576828003
319,2.311659336090088,2.311659336090088,10.039445877075195,,6.048791047013272e-06,0.10274986922740936
320,2.5998268127441406,2.5998268127441406,13.394211769104004,,6.027479476327376e-06,0.10008271783590317
321,2.2675421237945557,2.2675421237945557,9.60780143737793,,6.006148398138383e-06,0.09933352470397949
322,2.3890819549560547,2.3890819549560547,10.8496732711792,,5.9847982174335314e-06,0.09893950074911118
323,2.4493744373321533,2.4493744373321533,11.523283004760742,,5.963429339562731e-06,0.10009817779064178
324,2.127668619155884,2.127668619155884,8.354058265686035,,5.942042170230879e-06,0.0984245091676712
325,2.4767301082611084,2.4767301082611084,11.839462280273438,,5.920637115490142e-06,0.1058410108089447
326,2.548173666000366,2.548173666000366,12.716412544250488,,5.899214581732262e-06,0.10560432076454163
327,2.468649387359619,2.468649387359619,11.749500274658203,,5.877774975680831e-06,0.0967760682106018
328,2.1863880157470703,2.1863880157470703,8.856054306030273,,5.856318704383572e-06,0.1057361587882042
329,2.560722589492798,2.560722589492798,12.879663467407227,,5.834846175204612e-06,0.10146274417638779
330,2.431070566177368,2.431070566177368,11.316600799560547,,5.813357795816742e-06,0.09599708765745163
331,2.4875519275665283,2.4875519275665283,11.971444129943848,,5.791853974193688e-06,0.10055500268936157
332,2.718595027923584,2.718595027923584,15.08199691772461,,5.7703351186023575e-06,0.10186498612165451
333,2.7723357677459717,2.7723357677459717,15.912407875061035,,5.748801637595085e-06,0.10473145544528961
334,2.449906826019287,2.449906826019287,11.526355743408203,,5.727253940001884e-06,0.10541540384292603
335,2.7786166667938232,2.7786166667938232,16.012868881225586,,5.705692434922684e-06,0.10448148846626282
336,2.7696988582611084,2.7696988582611084,15.868724822998047,,5.684117531719552e-06,0.106971874833107
337,2.321765661239624,2.321765661239624,10.144360542297363,,5.662529640008933e-06,0.0969572365283966
338,2.6501994132995605,2.6501994132995605,14.085503578186035,,5.640929169653876e-06,0.10106682777404785
339,2.7075703144073486,2.7075703144073486,14.915898323059082,,5.619316530756234e-06,0.10285167396068573
340,2.714881420135498,2.714881420135498,15.025388717651367,,5.597692133648894e-06,0.10280298441648483
341,2.3266255855560303,2.3266255855560303,10.192096710205078,,5.576056388887985e-06,0.10025818645954132
342,2.3008809089660645,2.3008809089660645,9.93449592590332,,5.554409707245076e-06,0.09735619276762009
343,1.9677958488464355,1.9677958488464355,7.120616436004639,,5.532752499699381e-06,0.09603190422058105
344,2.670456647872925,2.670456647872925,14.373273849487305,,5.511085177429961e-06,0.10172435641288757
345,2.377340793609619,2.377340793609619,10.724176406860352,,5.489408151807908e-06,0.09680262207984924
346,2.428905487060547,2.428905487060547,11.291877746582031,,5.467721834388543e-06,0.0964374840259552
347,2.415470838546753,2.415470838546753,11.13852310180664,,5.446026636903597e-06,0.10122179239988327
348,2.1726505756378174,2.1726505756378174,8.738844871520996,,5.424322971253395e-06,0.09745099395513535
349,2.62884783744812,2.62884783744812,13.78631591796875,,5.402611249499042e-06,0.10342426598072052
350,2.3616437911987305,2.3616437911987305,10.555693626403809,,5.380891883854591e-06,0.09956899285316467
351,2.129697561264038,2.129697561264038,8.367050170898438,,5.359165286679218e-06,0.10792287439107895
352,2.3661398887634277,2.3661398887634277,10.604700088500977,,5.337431870469398e-06,0.09684964269399643
353,2.336801052093506,2.336801052093506,10.300127029418945,,5.31569204785107e-06,0.09289611876010895
354,2.125864028930664,2.125864028930664,8.338348388671875,,5.293946231571806e-06,0.09997774660587311
355,2.3031861782073975,2.3031861782073975,9.959144592285156,,5.27219483449297e-06,0.09389768540859222
356,2.3378615379333496,2.3378615379333496,10.3079195022583,,5.25043826958188e-06,0.09897997230291367
357,2.745957612991333,2.745957612991333,15.497061729431152,,5.228676949903974e-06,0.10614588111639023
358,2.1723694801330566,2.1723694801330566,8.732132911682129,,5.2069112886149564e-06,0.10719704627990723
359,2.447909355163574,2.447909355163574,11.506163597106934,,5.1851416989529705e-06,0.10053357481956482
360,2.5923078060150146,2.5923078060150146,13.290656089782715,,5.163368594230732e-06,0.10493152588605881
361,2.3362677097320557,2.3362677097320557,10.28846549987793,,5.141592387827701e-06,0.10488542914390564
362,2.354893922805786,2.354893922805786,10.48664665222168,,5.119813493182221e-06,0.09582497924566269
363,2.1832799911499023,2.1832799911499023,8.834152221679688,,5.098032323783673e-06,0.09309683740139008
364,2.4374728202819824,2.4374728202819824,11.387555122375488,,5.07624929316463e-06,0.09903429448604584
365,2.6516942977905273,2.6516942977905273,14.106306076049805,,5.054464814893001e-06,0.1014481633901596
366,2.742565393447876,2.742565393447876,15.445243835449219,,5.032679302564176e-06,0.10528503358364105
367,2.4959170818328857,2.4959170818328857,12.071877479553223,,5.010893169793182e-06,0.10077172517776489
368,2.5956997871398926,2.5956997871398926,13.342523574829102,,4.98910683020682e-06,0.09487064927816391
369,2.262690544128418,2.262690544128418,9.564811706542969,,4.9673206974358254e-06,0.09199156612157822
370,2.258932113647461,2.258932113647461,9.526555061340332,,4.945535185107e-06,0.09698060154914856
371,2.1656203269958496,2.1656203269958496,8.676182746887207,,4.923750706835371e-06,0.10077370703220367
372,2.3729445934295654,2.3729445934295654,10.675540924072266,,4.901967676216329e-06,0.09978818893432617
373,2.471294403076172,2.471294403076172,11.773624420166016,,4.880186506817781e-06,0.10865401476621628
374,2.473114490509033,2.473114490509033,11.794069290161133,,4.8584076121723e-06,0.110353484749794
375,3.0782086849212646,3.0782086849212646,21.603328704833984,,4.8366314057692684e-06,0.10722433030605316
376,2.55053973197937,2.55053973197937,12.745793342590332,,4.814858301047031e-06,0.10676895827054977
377,2.3566219806671143,2.3566219806671143,10.501838684082031,,4.793088711385044e-06,0.10143058747053146
378,2.7426440715789795,2.7426440715789795,15.448463439941406,,4.771323050096028e-06,0.10269125550985336
379,2.1024715900421143,2.1024715900421143,8.146355628967285,,4.749561730418121e-06,0.09801942110061646
380,2.352105140686035,2.352105140686035,10.457412719726562,,4.727805165507032e-06,0.09588390588760376
381,2.3992693424224854,2.3992693424224854,10.956596374511719,,4.706053768428195e-06,0.10655616223812103
382,2.4301939010620117,2.4301939010620117,11.302658081054688,,4.684307952148931e-06,0.10312266647815704
383,2.7073638439178467,2.7073638439178467,14.908805847167969,,4.662568129530603e-06,0.10823659598827362
384,2.312390089035034,2.312390089035034,10.048154830932617,,4.640834713320785e-06,0.10002269595861435
385,2.4093968868255615,2.4093968868255615,11.072845458984375,,4.619108116145411e-06,0.0980248749256134
386,2.8636200428009033,2.8636200428009033,17.431917190551758,,4.597388750500959e-06,0.10634272545576096
387,2.7088770866394043,2.7088770866394043,14.934494972229004,,4.575677028746606e-06,0.1040693074464798
388,2.0661404132843018,2.0661404132843018,7.856098175048828,,4.553973363096405e-06,0.09700857102870941
389,2.376793622970581,2.376793622970581,10.715171813964844,,4.532278165611459e-06,0.10265868157148361
390,2.329383134841919,2.329383134841919,10.217775344848633,,4.510591848192093e-06,0.10508638620376587
391,2.441232919692993,2.441232919692993,11.429576873779297,,4.4889148225700406e-06,0.10057102888822556
392,2.681851863861084,2.681851863861084,14.538436889648438,,4.467247500300621e-06,0.10111893713474274
393,2.8294789791107178,2.8294789791107178,16.84954071044922,,4.445590292754927e-06,0.10311248898506165
394,2.112996816635132,2.112996816635132,8.232691764831543,,4.423943611112016e-06,0.09767596423625946
395,2.4585256576538086,2.4585256576538086,11.630067825317383,,4.402307866351107e-06,0.09864010661840439
396,2.656456470489502,2.656456470489502,14.174166679382324,,4.380683469243768e-06,0.10070738196372986
397,2.58842134475708,2.58842134475708,13.238814353942871,,4.359070830346126e-06,0.10536786168813705
398,2.438014030456543,2.438014030456543,11.396843910217285,,4.337470359991068e-06,0.09354951977729797
399,2.609562635421753,2.609562635421753,13.519740104675293,,4.31588246828045e-06,0.10823900997638702
400,2.5486695766448975,2.5486695766448975,12.725977897644043,2.4439029693603516,4.294307565077318e-06,0.10048617422580719
401,2.518845796585083,2.518845796585083,12.352921485900879,,4.272746059998117e-06,0.09906365722417831
402,2.1110758781433105,2.1110758781433105,8.2181978225708,,4.251198362404917e-06,0.09449818730354309
403,2.3917553424835205,2.3917553424835205,10.87368392944336,,4.229664881397645e-06,0.10819541662931442
404,2.4614720344543457,2.4614720344543457,11.662630081176758,,4.208146025806313e-06,0.1016460582613945
405,2.1197142601013184,2.1197142601013184,8.28776741027832,,4.186642204183259e-06,0.0986725315451622
406,2.369058847427368,2.369058847427368,10.63133430480957,,4.165153824795391e-06,0.1050625666975975
407,2.4946396350860596,2.4946396350860596,12.05268383026123,,4.143681295616429e-06,0.10704328864812851
408,2.226884126663208,2.226884126663208,9.226876258850098,,4.122225024319171e-06,0.09527252614498138
409,2.3829495906829834,2.3829495906829834,10.785351753234863,,4.100785418267739e-06,0.09521369636058807
410,2.1484720706939697,2.1484720706939697,8.531781196594238,,4.0793628845098595e-06,0.0934794694185257
411,2.405698776245117,2.405698776245117,11.031609535217285,,4.057957829769123e-06,0.0986815020442009
412,2.6084277629852295,2.6084277629852295,13.506237030029297,,4.03657066043727e-06,0.10552468150854111
413,2.7122111320495605,2.7122111320495605,14.988485336303711,,4.015201782566471e-06,0.09857683628797531
414,2.9380173683166504,2.9380173683166504,18.779443740844727,,3.993851601861618e-06,0.10508997738361359
415,2.1937901973724365,2.1937901973724365,8.924208641052246,,3.972520523672627e-06,0.10045279562473297
416,2.553189754486084,2.553189754486084,12.783220291137695,,3.951208952986731e-06,0.10112868249416351
417,2.4594078063964844,2.4594078063964844,11.639701843261719,,3.929917294420804e-06,0.0997215136885643
418,2.40982985496521,2.40982985496521,11.072745323181152,,3.90864595221367e-06,0.1068633645772934
419,2.4621083736419678,2.4621083736419678,11.669635772705078,,3.887395330218429e-06,0.10236486047506332
420,2.4808170795440674,2.4808170795440674,11.890119552612305,,3.866165831894796e-06,0.1021851897239685
421,2.415736675262451,2.415736675262451,11.143096923828125,,3.844957860301434e-06,0.09832826256752014
422,2.2373790740966797,2.2373790740966797,9.32241439819336,,3.823771818088303e-06,0.09914791584014893
423,2.236935615539551,2.236935615539551,9.319940567016602,,3.80260810748902e-06,0.0955885574221611
424,2.7253987789154053,2.7253987789154053,15.17814826965332,,3.781467130313215e-06,0.11083981394767761
425,2.5110361576080322,2.5110361576080322,12.255280494689941,,3.7603492879389093e-06,0.10158347338438034
426,2.228872776031494,2.228872776031494,9.24258804321289,,3.73925498130489e-06,0.10101591795682907
427,2.4142849445343018,2.4142849445343018,11.127189636230469,,3.7181846109031007e-06,0.09786733984947205
428,2.8222696781158447,2.8222696781158447,16.72840118408203,,3.6971385767710345e-06,0.10323559492826462
429,2.461292266845703,2.461292266845703,11.660605430603027,,3.6761172784841446e-06,0.10152285546064377
430,2.9048445224761963,2.9048445224761963,18.171096801757812,,3.655121115148254e-06,0.10024744272232056
431,2.1656503677368164,2.1656503677368164,8.67411994934082,,3.6341504853919778e-06,0.10612818598747253
432,2.5178534984588623,2.5178534984588623,12.338014602661133,,3.613205787359157e-06,0.10336878895759583
433,2.6800103187561035,2.6800103187561035,14.512674331665039,,3.5922874187012977e-06,0.09976106137037277
434,2.1061794757843018,2.1061794757843018,8.177838325500488,,3.5713957765700224e-06,0.09503426402807236
435,2.3019070625305176,2.3019070625305176,9.944192886352539,,3.5505312576095295e-06,0.09836740791797638
436,2.4809517860412598,2.4809517860412598,11.897886276245117,,3.5296942579490645e-06,0.09181805700063705
437,2.557213068008423,2.557213068008423,12.833622932434082,,3.5088851731953956e-06,0.10289096087217331
438,2.046525001525879,2.046525001525879,7.70408296585083,,3.488104398425304e-06,0.09549325704574585
439,2.6600069999694824,2.6600069999694824,14.222068786621094,,3.4673523281780856e-06,0.10424071550369263
440,2.4429678916931152,2.4429678916931152,11.45231819152832,,3.4466293564480562e-06,0.09551706165075302
441,2.498016119003296,2.498016119003296,12.098734855651855,,3.425935876677077e-06,0.09830522537231445
442,2.41348934173584,2.41348934173584,11.115303039550781,,3.4052722817470767e-06,0.10333212465047836
443,1.9335875511169434,1.9335875511169434,6.880075931549072,,3.3846389639726007e-06,0.09915761649608612
444,2.4556148052215576,2.4556148052215576,11.596802711486816,,3.3640363150933574e-06,0.09770698845386505
445,2.7431838512420654,2.7431838512420654,15.458849906921387,,3.34346472626678e-06,0.10004381835460663
446,2.372818946838379,2.372818946838379,10.676676750183105,,3.3229245880606063e-06,0.095150426030159
447,2.2871179580688477,2.2871179580688477,9.797290802001953,,3.3024162904454584e-06,0.10024010390043259
448,2.7161126136779785,2.7161126136779785,15.0432710647583,,3.2819402227874364e-06,0.10363706201314926
449,2.497617721557617,2.497617721557617,12.088262557983398,,3.2614967738407332e-06,0.10765771567821503
450,2.21205472946167,2.21205472946167,9.093024253845215,,3.2410863317402486e-06,0.09094423055648804
451,2.177605390548706,2.177605390548706,8.78304672241211,,3.220709283994222e-06,0.09563993662595749
452,2.261998414993286,2.261998414993286,9.555795669555664,,3.2003660174768746e-06,0.09701146930456161
453,2.3784701824188232,2.3784701824188232,10.736513137817383,,3.1800569184210627e-06,0.0963972732424736
454,2.710350275039673,2.710350275039673,14.953963279724121,,3.15978237241095e-06,0.10748130083084106
455,2.3304495811462402,2.3304495811462402,10.232988357543945,,3.1395427643746802e-06,0.09666075557470322
456,2.2176663875579834,2.2176663875579834,9.141008377075195,,3.1193384785770755e-06,0.0979144424200058
457,2.231973648071289,2.231973648071289,9.270922660827637,,3.0991698986123343e-06,0.10181225836277008
458,2.4753029346466064,2.4753029346466064,11.828532218933105,,3.0790374073967523e-06,0.09576797485351562
459,2.246419668197632,2.246419668197632,9.406825065612793,,3.058941387161456e-06,0.09968262165784836
460,2.6003756523132324,2.6003756523132324,13.399147033691406,,3.0388822194451385e-06,0.10369264334440231
461,2.1151540279388428,2.1151540279388428,8.249180793762207,,3.0188602850868186e-06,0.10080473124980927
462,2.6387457847595215,2.6387457847595215,13.919659614562988,,2.99887596421861e-06,0.10887062549591064
463,2.3609421253204346,2.3609421253204346,10.546335220336914,,2.9789296362585084e-06,0.10327121615409851
464,2.3818860054016113,2.3818860054016113,10.771557807922363,,2.9590216799031814e-06,0.09953851997852325
465,2.5177955627441406,2.5177955627441406,12.34111499786377,,2.939152473120781e-06,0.09718277305364609
466,2.8521876335144043,2.8521876335144043,17.23231315612793,,2.919322393143772e-06,0.10802827775478363
467,2.6671173572540283,2.6671173572540283,14.328472137451172,,2.8995318164617614e-06,0.097376249730587
468,2.421309471130371,2.421309471130371,11.204805374145508,,2.8797811188143572e-06,0.09933634847402573
469,2.391838788986206,2.391838788986206,10.874999046325684,,2.860070675184036e-06,0.10744404792785645
470,2.3863017559051514,2.3863017559051514,10.816544532775879,,2.840400859789013e-06,0.10450121015310287
471,2.2774007320404053,2.2774007320404053,9.704814910888672,,2.8207720460761523e-06,0.09557335078716278
472,2.832357883453369,2.832357883453369,16.89566993713379,,2.8011846067138648e-06,0.10601121187210083
473,2.506931781768799,2.506931781768799,12.202842712402344,,2.7816389135850353e-06,0.1052565798163414
474,2.697788953781128,2.697788953781128,14.7711763381958,,2.762135337779969e-06,0.10222276300191879
475,2.2791576385498047,2.2791576385498047,9.719653129577637,,2.7426742495893343e-06,0.10015356540679932
476,2.304443597793579,2.304443597793579,9.967208862304688,,2.7232560184971437e-06,0.10285728424787521
477,1.97869873046875,1.97869873046875,7.19827938079834,,2.7038810131737346e-06,0.09713493287563324
478,2.5001723766326904,2.5001723766326904,12.123281478881836,,2.684549601468764e-06,0.10089608281850815
479,2.3563990592956543,2.3563990592956543,10.501120567321777,,2.6652621504042366e-06,0.09834258258342743
480,2.391573190689087,2.391573190689087,10.875761985778809,,2.6460190261675223e-06,0.1007315143942833
481,2.2662160396575928,2.2662160396575928,9.595808029174805,,2.626820594104418e-06,0.09779451787471771
482,2.736440658569336,2.736440658569336,15.352066040039062,,2.6076672187122043e-06,0.10381016135215759
483,2.5882654190063477,2.5882654190063477,13.236766815185547,,2.588559263632719e-06,0.10534214228391647
484,2.189157009124756,2.189157009124756,8.88233470916748,,2.5694970916454686e-06,0.10185413062572479
485,2.6739132404327393,2.6739132404327393,14.421103477478027,,2.550481064660724e-06,0.10441388189792633
486,2.137068033218384,2.137068033218384,8.437490463256836,,2.531511543712662e-06,0.08765964210033417
487,2.180086851119995,2.180086851119995,8.80191421508789,,2.5125888889525057e-06,0.10235485434532166
488,2.5302839279174805,2.5302839279174805,12.494890213012695,,2.4937134596416823e-06,0.09928229451179504
489,2.521167755126953,2.521167755126953,12.382037162780762,,2.4748856141450132e-06,0.09842058271169662
490,2.3448503017425537,2.3448503017425537,10.383259773254395,,2.4561057099238973e-06,0.09310871362686157
491,2.2874228954315186,2.2874228954315186,9.801541328430176,,2.4373741035295357e-06,0.09766613692045212
492,2.171754837036133,2.171754837036133,8.731489181518555,,2.418691150596158e-06,0.0963786244392395
493,2.155965566635132,2.155965566635132,8.593765258789062,,2.4000572058342637e-06,0.0985727310180664
494,2.5004992485046387,2.5004992485046387,12.130361557006836,,2.3814726230239006e-06,0.0957544669508934
495,2.6585140228271484,2.6585140228271484,14.202473640441895,,2.362937755007935e-06,0.10195865482091904
496,2.6067638397216797,2.6067638397216797,13.4885835647583,,2.3444529536853645e-06,0.09840597212314606
497,2.241029739379883,2.241029739379883,9.358121871948242,,2.3260185700046295e-06,0.0957004651427269
498,2.320167064666748,2.320167064666748,10.126029014587402,,2.307634953956948e-06,0.10115696489810944
499,2.328078269958496,2.328078269958496,10.205093383789062,,2.2893024545696822e-06,0.10382439941167831
500,2.1118505001068115,2.1118505001068115,8.221456527709961,2.4022045135498047,2.271021419899696e-06,0.10206001251935959
501,2.16615629196167,2.16615629196167,8.684245109558105,,2.2527921970267614e-06,0.09291573613882065
502,2.4869511127471924,2.4869511127471924,11.96703815460205,,2.234615132046962e-06,0.09590105712413788
503,2.323538303375244,2.323538303375244,10.159031867980957,,2.21649057006612e-06,0.10350342839956284
504,2.392735242843628,2.392735242843628,10.888477325439453,,2.1984188551932513e-06,0.10060325264930725
505,2.6775307655334473,2.6775307655334473,14.476536750793457,,2.1804003305340217e-06,0.10002924501895905
506,2.3926589488983154,2.3926589488983154,10.888848304748535,,2.1624353381842457e-06,0.0983951985836029
507,2.3008368015289307,2.3008368015289307,9.9334135055542,,2.144524219223383e-06,0.09865137189626694
508,2.4991190433502197,2.4991190433502197,12.105446815490723,,2.126667313708062e-06,0.10927357524633408
509,2.2547667026519775,2.2547667026519775,9.489875793457031,,2.1088649606656313e-06,0.09082268178462982
510,2.3082237243652344,2.3082237243652344,10.003496170043945,,2.0911174980877106e-06,0.10578048229217529
511,2.6245951652526855,2.6245951652526855,13.730804443359375,,2.0734252629237892e-06,0.09906536340713501
512,2.422388792037964,2.422388792037964,11.217338562011719,,2.0557885910748177e-06,0.0985613465309143
513,2.521846294403076,2.521846294403076,12.390730857849121,,2.03820781738683e-06,0.09795421361923218
514,2.1692686080932617,2.1692686080932617,8.709027290344238,,2.0206832756445954e-06,0.09817137569189072
515,2.229408025741577,2.229408025741577,9.247888565063477,,2.0032152985652708e-06,0.10025680065155029
516,2.482524871826172,2.482524871826172,11.912141799926758,,1.9858042177920915e-06,0.09933464229106903
517,2.3517978191375732,2.3517978191375732,10.451377868652344,,1.968450363888073e-06,0.1012805700302124
518,2.552408456802368,2.552408456802368,12.774595260620117,,1.9511540663297284e-06,0.09900309890508652
519,2.7550902366638184,2.7550902366638184,15.641460418701172,,1.933915653500826e-06,0.10330118983983994
520,2.7504818439483643,2.7504818439483643,15.568452835083008,,1.916735452686139e-06,0.10470312088727951
521,2.799455165863037,2.799455165863037,16.350177764892578,,1.8996137900652468e-06,0.10432659834623337
522,2.2788121700286865,2.2788121700286865,9.7145414352417,,1.8825509907063328e-06,0.10376261174678802
523,2.4907338619232178,2.4907338619232178,12.008818626403809,,1.8655473785600125e-06,0.10185476392507553
524,2.1605160236358643,2.1605160236358643,8.633808135986328,,1.8486032764531918e-06,0.0966060683131218
525,2.3320343494415283,2.3320343494415283,10.247729301452637,,1.8317190060829242e-06,0.09956210851669312
526,3.0227527618408203,3.0227527618408203,20.441370010375977,,1.8148948880103174e-06,0.10383979976177216
527,2.2309319972991943,2.2309319972991943,9.262468338012695,,1.7981312416544394e-06,0.09922754019498825
528,2.4716198444366455,2.4716198444366455,11.785552978515625,,1.7814283852862507e-06,0.09490999579429626
529,2.438988208770752,2.438988208770752,11.404607772827148,,1.764786636022573e-06,0.0994158536195755
530,2.6321940422058105,2.6321940422058105,13.833446502685547,,1.7482063098200547e-06,0.1020933985710144
531,2.7126259803771973,2.7126259803771973,14.990225791931152,,1.7316877214691863e-06,0.10454897582530975
532,2.453447103500366,2.453447103500366,11.567573547363281,,1.7152311845883096e-06,0.10482566058635712
533,2.368933916091919,2.368933916091919,10.632905960083008,,1.6988370116176766e-06,0.09960433095693588
534,2.6268908977508545,2.6268908977508545,13.756107330322266,,1.6825055138135105e-06,0.10816143453121185
535,2.3860654830932617,2.3860654830932617,10.81745719909668,,1.6662370012420931e-06,0.09808775782585144
536,2.290459156036377,2.290459156036377,9.830991744995117,,1.6500317827738887e-06,0.09838467836380005
537,2.0870440006256104,2.0870440006256104,8.02169132232666,,1.6338901660776662e-06,0.09789546579122543
538,2.5329673290252686,2.5329673290252686,12.52945613861084,,1.6178124576146708e-06,0.09770118445158005
539,2.42181134223938,2.42181134223938,11.213215827941895,,1.601798962632799e-06,0.09436681866645813
540,2.5540735721588135,2.5540735721588135,12.79389762878418,,1.5858499851608006e-06,0.10210517048835754
541,2.4944820404052734,2.4944820404052734,12.051774024963379,,1.5699658280025143e-06,0.10540585219860077
542,2.261664867401123,2.261664867401123,9.55330753326416,,1.5541467927311093e-06,0.09554990381002426
543,2.630722999572754,2.630722999572754,13.805370330810547,,1.5383931796833702e-06,0.11330626904964447
544,2.3945045471191406,2.3945045471191406,10.90863037109375,,1.5227052879539872e-06,0.0990038514137268
545,2.1608500480651855,2.1608500480651855,8.636890411376953,,1.5070834153898766e-06,0.09615054726600647
546,2.367401599884033,2.367401599884033,10.616469383239746,,1.491527858584535e-06,0.09990134835243225
547,2.5037381649017334,2.5037381649017334,12.168049812316895,,1.4760389128723968e-06,0.09849192202091217
548,2.0720889568328857,2.0720889568328857,7.903709888458252,,1.460616872323236e-06,0.09513448923826218
549,2.211737632751465,2.211737632751465,9.084712028503418,,1.4452620297365804e-06,0.10289117693901062
550,2.3177380561828613,2.3177380561828613,10.103522300720215,,1.4299746766361477e-06,0.09707959741353989
551,2.258212089538574,2.258212089538574,9.52060317993164,,1.4147551032643192e-06,0.09507762640714645
552,2.6941959857940674,2.6941959857940674,14.715532302856445,,1.3996035985766205e-06,0.10585060715675354
553,2.097766160964966,2.097766160964966,8.109317779541016,,1.3845204502362442e-06,0.09504953026771545
554,2.259881019592285,2.259881019592285,9.533082962036133,,1.369505944608583e-06,0.10225579142570496
555,2.0028817653656006,2.0028817653656006,7.375458717346191,,1.3545603667557911e-06,0.09447416663169861
556,2.2806026935577393,2.2806026935577393,9.737394332885742,,1.3396840004313789e-06,0.09258126467466354
557,2.0495102405548096,2.0495102405548096,7.727019786834717,,1.3248771280748174e-06,0.09573911875486374
558,2.499889373779297,2.499889373779297,12.112268447875977,,1.310140030806184e-06,0.11341023445129395
559,2.15964674949646,2.15964674949646,8.62564754486084,,1.2954729884208212e-06,0.09813371300697327
560,2.424022912979126,2.424022912979126,11.237468719482422,,1.28087627938402e-06,0.09538553655147552
561,2.5049636363983154,2.5049636363983154,12.176721572875977,,1.2663501808257444e-06,0.10875190794467926
562,1.831148386001587,1.831148386001587,6.211843013763428,,1.251894968535356e-06,0.09381577372550964
563,2.178109884262085,2.178109884262085,8.78706169128418,,1.2375109169563915e-06,0.09658673405647278
564,2.194530963897705,2.194530963897705,8.93089485168457,,1.2231982991813428e-06,0.10028853267431259
565,2.516383409500122,2.516383409500122,12.321625709533691,,1.2089573869464738e-06,0.10054941475391388
566,2.4266622066497803,2.4266622066497803,11.264470100402832,,1.1947884506266655e-06,0.10017600655555725
567,2.2231569290161133,2.2231569290161133,9.192071914672852,,1.1806917592302763e-06,0.09631123393774033
568,2.40433669090271,2.40433669090271,11.018486976623535,,1.166667580394041e-06,0.09524516761302948
569,2.198038101196289,2.198038101196289,8.963930130004883,,1.1527161803779868e-06,0.09658969938755035
570,2.632719039916992,2.632719039916992,13.840764045715332,,1.1388378240603742e-06,0.10201705992221832
571,2.087291717529297,2.087291717529297,8.023655891418457,,1.1250327749326772e-06,0.09795096516609192
572,2.3314666748046875,2.3314666748046875,10.242321968078613,,1.1113012950945695e-06,0.09876593947410583
573,2.0141172409057617,2.0141172409057617,7.4576897621154785,,1.0976436452489592e-06,0.09742985665798187
574,2.1915507316589355,2.1915507316589355,8.904264450073242,,1.0840600846970333e-06,0.10040873289108276
575,2.376739978790283,2.376739978790283,10.717185020446777,,1.0705508713333313e-06,0.09782721847295761
576,2.324495792388916,2.324495792388916,10.16942310333252,,1.0571162616408586e-06,0.10220500081777573
577,2.0741629600524902,2.0741629600524902,7.9175238609313965,,1.0437565106862075e-06,0.10169155895709991
578,2.3885271549224854,2.3885271549224854,10.844176292419434,,1.03047187211472e-06,0.09797872602939606
579,2.220884084701538,2.220884084701538,9.171645164489746,,1.0172625981456723e-06,0.09534905850887299
580,2.2420637607574463,2.2420637607574463,9.367538452148438,,1.0041289395674802e-06,0.09626789391040802
581,2.0176243782043457,2.0176243782043457,7.483638763427734,,9.91071145732948e-07,0.09810332953929901
582,1.960464358329773,1.960464358329773,7.069760799407959,,9.780894645545215e-07,0.09275420755147934
583,2.53808856010437,2.53808856010437,12.590706825256348,,9.651841424995933e-07,0.1025911420583725
584,2.500117063522339,2.500117063522339,12.124995231628418,,9.52355424585818e-07,0.09696142375469208
585,2.3958380222320557,2.3958380222320557,10.921610832214355,,9.396035543764559e-07,0.10188876837491989
586,2.290626287460327,2.290626287460327,9.831833839416504,,9.269287739757604e-07,0.10001561045646667
587,2.198737382888794,2.198737382888794,8.966902732849121,,9.143313240243668e-07,0.10394266247749329
588,2.744776487350464,2.744776487350464,15.479126930236816,,9.018114436947373e-07,0.10568316280841827
589,2.671077013015747,2.671077013015747,14.385910034179688,,8.893693706866124e-07,0.09655365347862244
590,2.4821860790252686,2.4821860790252686,11.904884338378906,,8.770053412224972e-07,0.10474461317062378
591,2.258384943008423,2.258384943008423,9.521479606628418,,8.647195900431832e-07,0.09669491648674011
592,2.5334036350250244,2.5334036350250244,12.535079956054688,,8.525123504032817e-07,0.09745314717292786
593,2.4316203594207764,2.4316203594207764,11.31980037689209,,8.403838540668058e-07,0.10133643448352814
594,2.2619879245758057,2.2619879245758057,9.55688190460205,,8.283343313027654e-07,0.09453018754720688
595,2.071312427520752,2.071312427520752,7.900139808654785,,8.163640108807897e-07,0.08863997459411621
596,2.3858754634857178,2.3858754634857178,10.817398071289062,,8.044731200667966e-07,0.09439289569854736
597,2.2707254886627197,2.2707254886627197,9.639103889465332,,7.926618846186646e-07,0.09794872999191284
598,2.954848051071167,2.954848051071167,19.097387313842773,,7.809305287819557e-07,0.10592958331108093
599,2.3387949466705322,2.3387949466705322,10.314891815185547,,7.692792752856564e-07,0.10412653535604477
600,2.442202091217041,2.442202091217041,11.44061279296875,2.384767770767212,7.577083453379425e-07,0.1006513237953186
601,2.2396886348724365,2.2396886348724365,9.343503952026367,,7.462179586219897e-07,0.10014479607343674
602,2.3685660362243652,2.3685660362243652,10.630477905273438,,7.348083332917927e-07,0.09681829810142517
603,2.3426620960235596,2.3426620960235596,10.354788780212402,,7.23479685968031e-07,0.104261115193367
604,2.397489309310913,2.397489309310913,10.941191673278809,,7.122322317339542e-07,0.09909316152334213
605,2.4363863468170166,2.4363863468170166,11.375019073486328,,7.010661841312921e-07,0.09933556616306305
606,2.396202802658081,2.396202802658081,10.92419719696045,,6.899817551562127e-07,0.10444958508014679
607,2.662116050720215,2.662116050720215,14.252473831176758,,6.789791552552838e-07,0.1037125289440155
608,2.2613329887390137,2.2613329887390137,9.550055503845215,,6.680585933214895e-07,0.09571974724531174
609,2.386730194091797,2.386730194091797,10.824435234069824,,6.572202766902569e-07,0.09848033636808395
610,2.0104312896728516,2.0104312896728516,7.431760787963867,,6.46464411135519e-07,0.09337140619754791
611,2.507521867752075,2.507521867752075,12.212825775146484,,6.357912008658151e-07,0.1007031723856926
612,2.6262764930725098,2.6262764930725098,13.754840850830078,,6.252008485204053e-07,0.09771150350570679
613,2.488901376724243,2.488901376724243,11.988043785095215,,6.146935551654298e-07,0.09982931613922119
614,2.5882954597473145,2.5882954597473145,13.242521286010742,,6.042695202900855e-07,0.09725146740674973
615,2.5024607181549072,2.5024607181549072,12.153156280517578,,5.939289418028455e-07,0.09743857383728027
616,2.629957914352417,2.629957914352417,13.801619529724121,,5.836720160276971e-07,0.10344074666500092
617,2.667182683944702,2.667182683944702,14.329366683959961,,5.734989377004119e-07,0.09743040055036545
618,2.4271395206451416,2.4271395206451416,11.271306991577148,,5.63409899964858e-07,0.09758405387401581
619,3.105839490890503,3.105839490890503,22.208261489868164,,5.534050943693197e-07,0.10750375688076019
620,2.450775623321533,2.450775623321533,11.541248321533203,,5.434847108628749e-07,0.09696488827466965
621,2.5197062492370605,2.5197062492370605,12.362733840942383,,5.336489377917786e-07,0.10039364546537399
622,2.5404374599456787,2.5404374599456787,12.62639331817627,,5.2389796189589e-07,0.09296344965696335
623,2.048433780670166,2.048433780670166,7.721258163452148,,5.1423196830513e-07,0.08912836760282516
624,2.226153612136841,2.226153612136841,9.215984344482422,,5.0465114053596e-07,0.10428281873464584
625,2.6282031536102295,2.6282031536102295,13.77984619140625,,4.951556604879049e-07,0.09992319345474243
626,2.4925217628479004,2.4925217628479004,12.028326988220215,,4.857457084400957e-07,0.10514840483665466
627,2.246314764022827,2.246314764022827,9.403434753417969,,4.7642146304784475e-07,0.10479466617107391
628,2.310351848602295,2.310351848602295,10.029393196105957,,4.6718310133926084e-07,0.09663443267345428
629,2.224093198776245,2.224093198776245,9.200723648071289,,4.5803079871187816e-07,0.0962209552526474
630,2.2064590454101562,2.2064590454101562,9.042283058166504,,4.4896472892933693e-07,0.0909460112452507
631,2.1839511394500732,2.1839511394500732,8.838790893554688,,4.39985064118077e-07,0.09602293372154236
632,2.1249148845672607,2.1249148845672607,8.333728790283203,,4.310919747640707e-07,0.09207716584205627
633,1.913671612739563,1.913671612739563,6.744858741760254,,4.222856297095912e-07,0.09781982004642487
634,2.0824594497680664,2.0824594497680664,7.985001564025879,,4.135661961499987e-07,0.09788887947797775
635,2.5359368324279785,2.5359368324279785,12.562347412109375,,4.0493383963057354e-07,0.1046571135520935
636,2.3179996013641357,2.3179996013641357,10.105907440185547,,3.9638872404337057e-07,0.09759166091680527
637,2.4204623699188232,2.4204623699188232,11.19333267211914,,3.8793101162410417e-07,0.10288020223379135
638,2.1980583667755127,2.1980583667755127,8.965190887451172,,3.795608629490738e-07,0.09417908638715744
639,2.4119372367858887,2.4119372367858887,11.102981567382812,,3.712784369321121e-07,0.09446995705366135
640,2.7262561321258545,2.7262561321258545,15.198115348815918,,3.6308389082156835e-07,0.10169582813978195
641,2.3985753059387207,2.3985753059387207,10.949986457824707,,3.549773801973211e-07,0.10473966598510742
642,2.6697704792022705,2.6697704792022705,14.361052513122559,,3.469590589678284e-07,0.10501442849636078
643,2.636647939682007,2.636647939682007,13.892814636230469,,3.3902907936720353e-07,0.10552617907524109
644,2.251978874206543,2.251978874206543,9.460909843444824,,3.3118759195232273e-07,0.09620603919029236
645,2.127332925796509,2.127332925796509,8.349729537963867,,3.234347455999709e-07,0.10207855701446533
646,2.3797359466552734,2.3797359466552734,10.750248908996582,,3.157706875040112e-07,0.0961419939994812
647,2.547062635421753,2.547062635421753,12.70413875579834,,3.0819556317259304e-07,0.10269629210233688
648,2.343388795852661,2.343388795852661,10.367767333984375,,3.0070951642538925e-07,0.09374198317527771
649,2.8264267444610596,2.8264267444610596,16.797903060913086,,2.9331268939086334e-07,0.10345639288425446
650,2.597777843475342,2.597777843475342,13.368207931518555,,2.860052225035742e-07,0.09797259420156479
651,2.5685417652130127,2.5685417652130127,12.981016159057617,,2.787872545015069e-07,0.10107527673244476
652,2.419555187225342,2.419555187225342,11.18656063079834,,2.716589224234406e-07,0.09684154391288757
653,2.708405017852783,2.708405017852783,14.932551383972168,,2.646203616063475e-07,0.09723061323165894
654,2.2050442695617676,2.2050442695617676,9.028528213500977,,2.576717056828193e-07,0.09309869259595871
655,2.8291869163513184,2.8291869163513184,16.844451904296875,,2.5081308657853576e-07,0.1033124253153801
656,2.3281610012054443,2.3281610012054443,10.207779884338379,,2.4404463450975415e-07,0.10021895170211792
657,2.5047214031219482,2.5047214031219482,12.179976463317871,,2.3736647798084268e-07,0.09856012463569641
658,2.1918962001800537,2.1918962001800537,8.906424522399902,,2.307787437818365e-07,0.10246683657169342
659,2.1615030765533447,2.1615030765533447,8.64025592803955,,2.2428155698603182e-07,0.10141915082931519
660,2.2458417415618896,2.2458417415618896,9.402291297912598,,2.1787504094761268e-07,0.09776621311903
661,2.322788953781128,2.322788953781128,10.15325927734375,,2.115593172993058e-07,0.0998835563659668
662,2.3684499263763428,2.3684499263763428,10.628783226013184,,2.05334505950075e-07,0.09768322110176086
663,2.3866779804229736,2.3866779804229736,10.824239730834961,,1.9920072508284204e-07,0.09779760241508484
664,2.0828871726989746,2.0828871726989746,7.992311477661133,,1.9315809115224348e-07,0.08814545720815659
665,2.37074613571167,2.37074613571167,10.653468132019043,,1.8720671888242058e-07,0.0972122773528099
666,2.152902126312256,2.152902126312256,8.568085670471191,,1.81346721264839e-07,0.09715422242879868
667,2.700963258743286,2.700963258743286,14.816807746887207,,1.75578209556147e-07,0.10402290523052216
668,2.2041754722595215,2.2041754722595215,9.022156715393066,,1.699012932760602e-07,0.08984267711639404
669,2.430959463119507,2.430959463119507,11.313867568969727,,1.6431608020528233e-07,0.09860675036907196
670,2.6124491691589355,2.6124491691589355,13.568503379821777,,1.5882267638346217e-07,0.09395842999219894
671,2.1134188175201416,2.1134188175201416,8.237144470214844,,1.5342118610717438e-07,0.0952984094619751
672,2.5203070640563965,2.5203070640563965,12.367674827575684,,1.4811171192794628e-07,0.10441835224628448
673,2.2145628929138184,2.2145628929138184,9.111799240112305,,1.42894354650307e-07,0.09985435009002686
674,2.3943252563476562,2.3943252563476562,10.903488159179688,,1.3776921332987193e-07,0.10485118627548218
675,1.9822521209716797,1.9822521209716797,7.225733757019043,,1.3273638527146638e-07,0.09206730127334595
676,2.4936232566833496,2.4936232566833496,12.042885780334473,,1.277959660272743e-07,0.10298307240009308
677,2.225466728210449,2.225466728210449,9.211715698242188,,1.2294804939502746e-07,0.09981318563222885
678,2.2372117042541504,2.2372117042541504,9.321428298950195,,1.1819272741622367e-07,0.09792017936706543
679,2.220479726791382,2.220479726791382,9.16904067993164,,1.1353009037437523e-07,0.0929424986243248
680,2.044621467590332,2.044621467590332,7.68935489654541,,1.0896022679330265e-07,0.09569140523672104
681,2.1564760208129883,2.1564760208129883,8.598825454711914,,1.0448322343544537e-07,0.09700580686330795
682,2.4860782623291016,2.4860782623291016,11.950236320495605,,1.0009916530022256e-07,0.10654687881469727
683,2.3573784828186035,2.3573784828186035,10.513224601745605,,9.580813562241276e-08,0.09489059448242188
684,2.5598175525665283,2.5598175525665283,12.872709274291992,,9.161021587057728e-08,0.09415930509567261
685,2.6569743156433105,2.6569743156433105,14.179709434509277,,8.75054857455132e-08,0.10324593633413315
686,2.437046527862549,2.437046527862549,11.379630088806152,,8.34940231787379e-08,0.10443135350942612
687,2.530075788497925,2.530075788497925,12.49046516418457,,7.957590433101293e-08,0.10220377147197723
688,2.1943914890289307,2.1943914890289307,8.930038452148438,,7.575120359089416e-08,0.09941630810499191
689,2.3977231979370117,2.3977231979370117,10.94449520111084,,7.201999357332346e-08,0.09773030132055283
690,2.644784688949585,2.644784688949585,14.007152557373047,,6.838234511824748e-08,0.10433374345302582
691,2.469327926635742,2.469327926635742,11.75981616973877,,6.483832728927219e-08,0.09279143065214157
692,2.6400279998779297,2.6400279998779297,13.942302703857422,,6.138800737235384e-08,0.102008156478405
693,2.32601261138916,2.32601261138916,10.185392379760742,,5.803145087451945e-08,0.10116191953420639
694,2.0862669944763184,2.0862669944763184,8.016475677490234,,5.476872152262558e-08,0.09536068141460419
695,2.546447992324829,2.546447992324829,12.695951461791992,,5.159988126214543e-08,0.10329701006412506
696,2.288694143295288,2.288694143295288,9.814172744750977,,4.852499025599533e-08,0.09733229130506516
697,2.2941460609436035,2.2941460609436035,9.865179061889648,,4.5544106883390614e-08,0.10269668698310852
698,2.1224899291992188,2.1224899291992188,8.309727668762207,,4.265728773873767e-08,0.10126066207885742
699,2.289914608001709,2.289914608001709,9.823681831359863,,3.986458763056089e-08,0.10237032175064087
700,2.482279062271118,2.482279062271118,11.90343952178955,2.380419969558716,3.716605958046071e-08,0.10903571546077728
701,2.3757834434509277,2.3757834434509277,10.706696510314941,,3.456175482210611e-08,0.09828029572963715
702,2.3579940795898438,2.3579940795898438,10.519076347351074,,3.205172280026536e-08,0.09607258439064026
703,2.4637770652770996,2.4637770652770996,11.688395500183105,,2.9636011169861812e-08,0.10361137986183167
704,2.1942787170410156,2.1942787170410156,8.92800521850586,,2.7314665795075135e-08,0.10171334445476532
705,2.4321913719177246,2.4321913719177246,11.326630592346191,,2.508773074846649e-08,0.10069497674703598
706,2.2178401947021484,2.2178401947021484,9.14328384399414,,2.295524831014251e-08,0.09640964865684509
707,2.368358612060547,2.368358612060547,10.62517261505127,,2.0917258966953735e-08,0.10265152901411057
708,2.2794113159179688,2.2794113159179688,9.724308967590332,,1.8973801411724668e-08,0.09564889967441559
709,2.212730646133423,2.212730646133423,9.09782600402832,,1.7124912542520468e-08,0.09390325844287872
710,2.3977699279785156,2.3977699279785156,10.94558048248291,,1.537062746194584e-08,0.09668515622615814
711,2.32340407371521,2.32340407371521,10.158441543579102,,1.3710979476476705e-08,0.10198019444942474
712,2.6522886753082275,2.6522886753082275,14.110998153686523,,1.2146000095831777e-08,0.10668051242828369
713,2.140143394470215,2.140143394470215,8.460719108581543,,1.0675719032370303e-08,0.09418400377035141
714,2.321655035018921,2.321655035018921,10.144110679626465,,9.300164200530815e-09,0.09523563086986542
715,2.0838983058929443,2.0838983058929443,7.9940690994262695,,8.019361716299912e-09,0.10397027432918549
716,2.53373122215271,2.53373122215271,12.53476619720459,,6.833335896716531e-09,0.10450136661529541
717,2.3043620586395264,2.3043620586395264,9.9706392288208,,5.7421092594101004e-09,0.09434567391872406
718,2.394634485244751,2.394634485244751,10.911622047424316,,4.745702522174211e-09,0.09612154215574265
719,2.0167253017425537,2.0167253017425537,7.4782023429870605,,3.844134602570826e-09,0.0946560651063919
720,2.1860368251800537,2.1860368251800537,8.855175971984863,,3.037422617573893e-09,0.10069194436073303
721,2.2223422527313232,2.2223422527313232,9.183117866516113,,2.3255818832423894e-09,0.09951178729534149
722,2.058286428451538,2.058286428451538,7.796091079711914,,1.7086259144305507e-09,0.0932803675532341
723,2.1963465213775635,2.1963465213775635,8.949606895446777,,1.1865664245314101e-09,0.09473654627799988
724,2.4039666652679443,2.4039666652679443,11.008857727050781,,7.594133252530888e-10,0.10532824695110321
725,2.018972635269165,2.018972635269165,7.492183208465576,,4.2717472643227785e-10,0.10224606841802597
726,2.2272610664367676,2.2272610664367676,9.231208801269531,,1.8985693587880715e-10,0.09342060983181
727,2.5643162727355957,2.5643162727355957,12.92562484741211,,4.746445925740695e-11,0.10209228098392487
728,1.9408516883850098,1.9408516883850098,6.930028438568115,,0.0,0.09975757449865341
